,Datetime,Tweet Id,Text,Username
0,2022-05-23 11:18:42+00:00,1528696920729956352,Terminando el desafio de tripulaciones en @TheBridge_Tech,nachooatm82
1,2022-05-23 08:15:36+00:00,1528650844094271490,"""El libro de la inteligencia colectiva""  https://t.co/tUyIEoFlP9 artÃ­culo de @tiscar sobre la presentaciÃ³n que del libro de @arey haremos esta semana en @TheBridge_Tech 
Plazas limitadas, inscripciones en https://t.co/Oht7sRlBPh https://t.co/wICvbVbVqi",nodosenlared
2,2022-05-23 08:01:09+00:00,1528647207594909696,Este jueves nos vemos en @TheBridge_Tech para hablar sobre inteligencia colectiva a propÃ³sito del nuevo libro de @amaliorey y la compaÃ±Ã­a de @nodosenlared. En el blog avanzo algunos detalles: https://t.co/rVXQw1TTf2 https://t.co/Mmxexzt7Fo,tiscar
3,2022-05-23 07:38:11+00:00,1528641426975760389,"Conoce las 25 ofertas de #empleo de la empresa sevillana @Galgus, creadora de tecnologÃ­a #WiFi de primer nivel mundial, y descubre tambiÃ©n ofertas de empleo en #Sevilla de @PFDrive @HotelColonGM  @GrupoElecnor @TheBridge_Tech @beteling, etc. Ver mÃ¡s: https://t.co/9lJwB9yIAl https://t.co/k8bFhZV5tx",juanluispavon1
4,2022-05-23 07:25:47+00:00,1528638307516694529,#LastMinute La 2da presentaciÃ³n del #LibroIC en #Madrid serÃ¡ este jueves (18:30) en @TheBridge_Tech acompaÃ±ados por TÃ­scar Lara (@tiscar) y Mario LÃ³pez de Ãvila (@nodosenlared). +Info e inscripciones aquÃ­: https://t.co/OVzv1SdR7x,arey
5,2022-05-19 15:39:16+00:00,1527312943397806080,"Â¡QuÃ© poco queda para el prÃ³ximo ğŸ”¥Burn MondayğŸ”¥! Lunes 23 de mayo a las 18h. aplicaremos la #IA en un viaje por obras pictÃ³ricas y hablaremos de la metodologÃ­a de un Hackaton con dos alumnis de #DataScience Â¡Saca tu entrada y ven a tomarte un @burn_es!ğŸ”‹â¬‡
https://t.co/6mNJvlmi9F",TheBridge_Tech
6,2022-05-18 15:23:22+00:00,1526946552492789760,"Esta es la historia de IsisğŸ¤— que decidiÃ³ hacer un cambio en su vida profesional haciendo el #bootcamp de #uxui. Ahora, compagina su trabajo con el de Teacher Assistant en @TheBridge_Tech. El camino es duro pero seguro darÃ¡ sus frutosğŸ‘©â€ğŸ’»Â¡Gracias Isis por compartir tu experiencia! https://t.co/1UHKZW0UxN",TheBridge_Tech
7,2022-05-18 11:26:31+00:00,1526886949839065088,Gracias @victorianoI y equipo por el anÃ¡lisis con @graphext de los datos en educaciÃ³n y tecnologÃ­a que vimos ayer en la primera charla de #letstalkabouteducation en @TheBridge_Tech y que pudimos debatir con @ikerarceseco Sin duda aprendimos mucho Â¡Volved cuando querÃ¡is! ğŸ§µHilo ğŸ“Š https://t.co/bLxwCvBQN5 https://t.co/wZSVGve1sn,TheBridge_Tech
8,2022-05-18 08:31:13+00:00,1526842834741039105,"Â¿CÃ³mo combatir el paro juvenilğŸ¥µ? #tipdeldia En un paÃ­s con una tasa de paro rÃ©cord, hay que elegir bien dÃ³nde y quÃ© estudiar.

Si os querÃ©is especializar en el sector digital, os animamos a hacerlo con @TheBridge_Tech, que cuenta con un 92% de empleabilidad... Â¡Y CON BECA ğŸ‘‡! https://t.co/2OBZSnVk7r",Bcasapp
9,2022-05-17 14:53:47+00:00,1526576722350686208,"Â¿Con ganas de probar si un empleo tecnolÃ³gico es para ti? Ven a los talleres del campus de #Sevilla @ENCamaraSevilla 

24 Mayo â¡Taller #DataScience 
25 Mayo â¡Taller #DesarrolloWebFullStack
26 Mayo â¡Taller #Ciberseguridad
1 Junio â¡ Open Day

ğŸŸEntradas https://t.co/Cp05ZJBqVa https://t.co/Vyqa1l94hr",TheBridge_Tech
10,2022-05-17 08:28:26+00:00,1526479745185198080,Los perfiles tecnolÃ³gicos mÃ¡s demandados en el futuro @TheBridge_Tech https://t.co/j93jBWSLij,PdelaPublicidad
11,2022-05-16 09:31:13+00:00,1526133158743359488,La 2da presentaciÃ³n-coloquio del #LibroIC en #Madrid serÃ¡ el J26Mayo(18:30) en @TheBridge_Tech con TÃ­scar Lara (@tiscar) y Mario LÃ³pez de Ãvila (@nodosenlared)  +InformaciÃ³n e inscripciones: https://t.co/OVzv1SdR7x Â¡Â¡CompÃ¡rtelo!!,arey
12,2022-05-14 19:19:17+00:00,1525556372129169411,"Sin desmerecer el espectÃ¡culo del 28 de mayo en Paris, el 26 a las 18:30 en Madrid, @arey presenta su #libroIC en @TheBridge_Tech Entradas aquÃ­ https://t.co/4MM6HyxTrf",Alberto_Blanco
13,2022-05-13 09:54:44+00:00,1525051913317801984,"Next week our CEO @victorianoi will be at @Thebridge_tech with @ikerarceseco to discuss the education sector ğŸ“ from a data-driven perspective. Join us online or at Paseo de Recoletos, 15, Madrid, to debate the challenges and opportunities the sector facesğŸš€ https://t.co/Vfbji4VN4b",graphext
14,2022-05-13 09:36:44+00:00,1525047381234003968,@TheBridge_Tech @ikerarceseco @victorianoi @graphext Hola @TheBridge_Tech. Â¿Por quÃ© es obligatorio dar el nÃºmero de telÃ©fono para un evento que es en lÃ­nea?,apedreroes
15,2022-05-12 16:55:14+00:00,1524795347352051712,"Descubre las posibilidades y misterios que oculta el #metaverso con @HavasGroupES ğŸ˜ Hablaremos de tipos de metaverso, estrategias de onboarding, casos reales... Â¡Promete ser muy interesante! PrÃ³ximo 19 de mayo a las 17.30h.
Consigue tus entradas ğŸŸhttps://t.co/KxeTH2ICpc",TheBridge_Tech
16,2022-05-12 13:08:59+00:00,1524738407603310594,"ğŸ“»Los #bootcamps son para ""cualquier persona que quiera un empleo tecnolÃ³gico de calidad"", como bien explican InÃ©s GarcÃ­a Clariana y @AmparoGalbis1 en ""La Tarde con Marina"" en @999plazaradio. Escucha la entrevista completa de nuestro equipo de #ValenciağŸ”Šhttps://t.co/7HNlE0vpmO",TheBridge_Tech
17,2022-05-10 20:02:12+00:00,1524117624174653441,"ğŸ‘¾ El caso #Pegasus, un ejemplo mÃ¡s de #ciberespionaje que pone en relevancia la necesidad de expertos en #ciberseguridad

Te contamos quÃ©s es ğŸ•µï¸â€â™€ï¸ y para quÃ© fue creado ğŸ‘‡ https://t.co/kyzgkQDZ8N",TheBridge_Tech
18,2022-05-10 15:46:04+00:00,1524053162323283968,Â¡â€Letâ€™s talk about educationâ€! Os invitamos a la primera sesiÃ³n del nuevo ciclo de conferencias sobre #educaciÃ³n @ikerarceseco y @victorianoi debatirÃ¡n sobre los datos en el sector y descubriremos @graphext plataforma de #datascience no code. EntradasğŸŸ https://t.co/ksTzmzqqLQ,TheBridge_Tech
19,2022-05-09 08:03:51+00:00,1523574457549623296,"Â¡Vamos con los talleres de mayo! Este mes tenemos un montÃ³n de #freeevents ğŸ‘©â€ğŸ’»Metaverso, OSINT, Sistemas de diseÃ±o UX/UI, un coloquio sobre educaciÃ³n ... Â¡No esperes mÃ¡s y saca ya tu entrada! ğŸŸhttps://t.co/Nlwg6cTDOa https://t.co/zWjT1I2AER",TheBridge_Tech
20,2022-05-05 15:06:00+00:00,1522231140656066561,ğŸ‘ğŸš€Lanzamos una nueva ediciÃ³n de las #becas Digital Talent Pipeline para cursar un #bootcamp en junio y septiembre Â¿Quieres solicitar la tuya? Plazo hasta el 30 de mayo Â¡Date prisa #digitaltalent! â¡https://t.co/PXFR0q85F7 https://t.co/qwiGSm4WOI,TheBridge_Tech
21,2022-05-05 07:22:39+00:00,1522114536286920704,La 2da presentaciÃ³n del #LibroIC en #Madrid serÃ¡ el J26Mayo(18:30) en @TheBridge_Tech acompaÃ±ados por  TÃ­scar Lara (@tiscar) y Mario LÃ³pez de Ãvila (@nodosenlared) sobre impacto de la #IC en el diseÃ±o y gestiÃ³n de las organizaciones. +Info/inscripciones: https://t.co/OVzv1SdR7x,arey
22,2022-05-04 15:15:00+00:00,1521871017714589699,"ğŸ¤©Â¿Quieres conocer el talento digital que llevas dentro? Â¡Ven a nuestro Open Day y descÃºbrelo! 

ğŸ“…Viernes 20 de mayo 11.15h en Paseo de Recoletos 15, Madrid.

ğŸŸSaca tus entradasğŸ‘‡ğŸ‘‡https://t.co/qq3WqsydKv",TheBridge_Tech
23,2022-04-28 16:17:33+00:00,1519712433740386308,"Â¡Gracias a todos por el dÃ­a de hoy! ğŸ˜ğŸ˜

De la mano de: @AccentureSpain , Bonus Studios, @Making_Science_ @SomosMiogroup , Silicon HR , y @TheBridge_Tech hemos podido acercar el futuro talento digital hacia el mundo laboral ğŸ” ğŸ” 

#talent #empresas #marketing #BeGeneration https://t.co/wLbzhtXb94",spaingeneration
24,2022-04-28 15:55:26+00:00,1519706866703638529,En breve empezamos la charla sobre RV y PsicologÃ­a! Todo ready! @TheBridge_Tech https://t.co/lW3fvKhcGZ,JM_Torralba_
25,2022-04-27 21:44:03+00:00,1519432213061943303,MaÃ±ana estarÃ© junto a @LucaMefisto en una mesa redonda en @TheBridge_Tech donde hablaremos de la relaciÃ³n que hay entre #psicologia y la #realidadvirtual. Pinta interesante!!â€¦ https://t.co/FXt3Zdj7Uh,JM_Torralba_
26,2022-04-27 16:53:38+00:00,1519359124219338752,"Acabo de escuchar la charla de @kairos_ds en @TheBridge_Tech. Ahora que todo lo que tengo que aprender me abruma. Escuchar que si llego a la meta, me esperarÃ¡ una empresa asÃ­ (ojalÃ¡), un equipo en el que se respire ese buen rollo y amor por el trabajo, me da fuerza para pelear",bertinha84
27,2022-04-27 15:32:18+00:00,1519338659111178242,@pmdr_1189 @TheBridge_Tech Lamentablemente,gabinha
28,2022-04-27 08:03:22+00:00,1519225678335459328,"Esto es hoy! 
Nos vemos en @TheBridge_Tech con @quierodata para hablar de crecimiento dentro de @kairos_ds ğŸ§¡ https://t.co/miTZChXSwJ",IrnMM
29,2022-04-27 06:55:39+00:00,1519208638136602626,@burn_es Prueba de ello ğŸ“¸ğŸ”¥ https://t.co/7SWL2ionj3,TheBridge_Tech
30,2022-04-26 14:58:20+00:00,1518967719516909568,"Nuestra Head de Data &amp; IA @quierodata, estarÃ¡ maÃ±ana en las oficinas de @TheBridge_Tech, para hablar de las oportunidades de crecimiento profesional dentro de KairÃ³s DS.ğŸ¤© 

@IrnMM la acompaÃ±arÃ¡ resolviendo cualquier duda sobre KairÃ³s DSâ€¦ 

Â¿Te veremos allÃ­?ğŸ§¡

#OrgulloKairÃ³s https://t.co/0hUC9XkPxF",kairos_ds
31,2022-04-26 14:41:09+00:00,1518963397701906433,"Los compaÃ±eros de @TheBridge_Tech nos hablan de #softskills en IT, en #devspega junto a @flyncercom 
El valor diferencial de todo profesional. https://t.co/0On5h6N9hR",BerrocalRuben
32,2022-04-26 11:12:18+00:00,1518910838987501570,"#ESTAPASANDO Talento y competencias digitales #SP22
InÃ©s Garcia @TheBridge_Tech
Enric Montesa @COEV_COM
Leticia Gonzalvez Directora marketing @sesamehr_
La competencia digital demandada en las empresas no son las bÃ¡sicas que todos tenemos. https://t.co/orPM5iTbPE",COGITIValencia
33,2022-04-26 11:06:11+00:00,1518909298688077825,Tenemos que decir que el BURN Mondays de ayer con @TheBridge_Tech fue muy top! ğŸ”â€‹â¤ï¸â€ğŸ”¥,burn_es
34,2022-04-25 15:05:53+00:00,1518607234976161792,"Este jueves Job Market Place en @TheBridge_Tech con @spaingeneration La feria de empleo con el mejor talento de #marketingdigital @AccentureSpain, @Siliconhr1, ... participarÃ¡n en busca del mejor talento. Si eres empresa y quieres participar ğŸ‘‰https://t.co/0n4iufzfmi https://t.co/A51YStbfjF",TheBridge_Tech
35,2022-04-25 09:58:29+00:00,1518529871969988608,"""Necesitaba formaciÃ³n tÃ©cnica para potenciar mi empleabilidad"", cuenta nuestra alumni Clara BayÃ³n a @el_pais ğŸ—Tras hacer el #bootcamp en #ciberseguridad ahora trabaja en @DeloitteDE Check it out! ğŸ‘‰https://t.co/XGIPZfmtx6 https://t.co/7jrVa74qTG",TheBridge_Tech
36,2022-04-22 08:43:37+00:00,1517423870483042304,Mercedes Mac Pherson @Globant : 'Hay un desconocimiento grande del poder de transformaciÃ³n de la tecnologÃ­a' #mujerytecnologÃ­a @TheBridge_Tech https://t.co/OFDlmziC1y,MujeresaSeguir
37,2022-04-22 08:33:23+00:00,1517421295373271041,Sara GÃ³mez @RainG 'La sociedad no sabe lo que hacemos los ingenieros y los tecnÃ³logos' #mujerytecnologÃ­a @TheBridge_Tech @Globant https://t.co/lYFyIZuW3J,MujeresaSeguir
38,2022-04-22 08:29:12+00:00,1517420242120683520,Comienza nuestra segunda mesa 'CÃ³mo construir un futuro que nos representa'. AquÃ­ te dejamos el enlace para seguirnos en streaming https://t.co/ABQkBBLKmT #mujerytecnologÃ­a @Globant @TheBridge_Tech https://t.co/kApsKZ04SD,MujeresaSeguir
39,2022-04-22 08:26:55+00:00,1517419666938998784,"Carmen Artigas, secretaria de Estado de DigitalizaciÃ³n e Inteligencia Artificial de Asuntos EconÃ³micos y TransformaciÃ³n Digital: 'Es nuestro momento. El momento de las mujeres' #mujerytecnologÃ­a @Globant @TheBridge_Tech https://t.co/gLjyCQPBRH",MujeresaSeguir
40,2022-04-22 08:22:02+00:00,1517418437777240065,"'Nunca se progresa desde el miedo. Hay que arriesgarse disfrutando', Irene Cano @Meta #mujerytecnologÃ­a @TheBridge_Tech @Globant https://t.co/yaoUnWJIs6",MujeresaSeguir
41,2022-04-22 08:19:53+00:00,1517417898133884928,"'Hay que tener una apertura de mente en los modelos educativos' MarÃ­a Rotondo @Telefonica 
AquÃ­ te dejamos el enlace para seguirnos en streaming https://t.co/ABQkBBLKmT #mujerytecnologÃ­a @Globant @TheBridge_Tech https://t.co/dB8tF3prJv",MujeresaSeguir
42,2022-04-22 07:48:10+00:00,1517409914792075264,"A dÃ­a de hoy, el 41 % de las  investigaciones pÃºblicas las hacen mujeres. Descubre mÃ¡s datos en numerosas jornada @TheBridge_Tech #mujerytecnologÃ­a 
https://t.co/bNRyoB4h6y https://t.co/ZBQ4299zQW",MujeresaSeguir
43,2022-04-22 06:55:37+00:00,1517396691443490816,@MujeresaSeguir @Globant @TheBridge_Tech QuÃ© gran panel!,Capgemini_ES
44,2022-04-21 14:26:16+00:00,1517147713254526978,"Â¿Unimos #psicologÃ­a, diseÃ±o #uxui y #realidadvirtual? La respuesta: SÃ! Te invitamos a la mesa redonda del 28 de abril en @TheBridge_Tech donde trataremos el diseÃ±o ux desde el punto de vista del tratamiento de las fobias a travÃ©s de la #vr. Entradas ğŸ‘‰https://t.co/JGOpD7p2rO",TheBridge_Tech
45,2022-04-21 12:42:41+00:00,1517121644682256385,@MujeresaSeguir @Globant @TheBridge_Tech Apuntado en la agenda ğŸ‘Œ,GemmaRBar
46,2022-04-21 12:01:42+00:00,1517111329374543873,Â¡Gracias a vosotros! https://t.co/g7otWL5xbs,TheBridge_Tech
47,2022-04-21 11:30:01+00:00,1517103356346617856,"ğŸ“¢Como ya sabÃ©is, antes de #SemanaSanta, nuestro alumnado de la #FPinformÃ¡ticağŸ’» visitaron @TheBridge_Tech. Gracias a su trato hacia #ITEPğŸ”µ y su colaboraciÃ³n os ofrecemos nuevas imÃ¡genes de esa actividadâ€¼ï¸ En ellas queda patente el interÃ©s de la cita ğŸ‘ŒğŸ» https://t.co/nt0LFYitDB",itep_es
48,2022-04-20 11:26:24+00:00,1516740060346929153,@TheBridge_Tech Otro de los placeres de haber pasado unos meses en esas aulas!! ğŸ˜‰ğŸ‘©ğŸ»â€ğŸ’»,mrentem
49,2022-04-20 07:56:32+00:00,1516687246241550337,"Â¡QuÃ© bonito es nuestro palacio! ğŸ˜ Todo un privilegio para alumnos, profes y staff poder disfrutar de este espacio en pleno centro de Madrid. https://t.co/DCPt8lWJ6A",TheBridge_Tech
50,2022-04-20 04:57:14+00:00,1516642121729679362,"Actualmente acoge las oficinas de The Bridge, una aceleradora de talento digital
ğŸ“· @TheBridge_Tech https://t.co/xgWzxnqdOI",alicesilverpol
51,2022-04-19 19:55:08+00:00,1516505700595388430,@bertinha84 @TheBridge_Tech ğŸ‘ğŸ»ğŸ‘ğŸ»ğŸ‘ğŸ»  ğŸ™ŒğŸ»,jmnavarro
52,2022-04-19 15:34:25+00:00,1516440085486575617,"â–¶Os presentamos a JesÃºs, alumni reciÃ©n graduado del #bootcamp de #digitalmarketingops que tras acabar la carrera se lanzÃ³ en busca de una especializaciÃ³n en #MarketingDigital Â¡Gracias JesÃºs por compartir tu experiencia y mucha suerte! ğŸš€ MÃ¡s info ğŸ‘‰https://t.co/GtnhQmDsGP https://t.co/4VV7VDyjjP",TheBridge_Tech
53,2022-04-18 15:05:12+00:00,1516070347854028804,@AndreaMaganRey @TheBridge_Tech https://t.co/fpGUkYnGX4,bertinha84
54,2022-04-18 14:52:49+00:00,1516067228344533003,@bertinha84 @TheBridge_Tech A por ello @bertinha84 https://t.co/tz445Lv3mV,AndreaMaganRey
55,2022-04-18 13:37:44+00:00,1516048336477995008,@alinnfm @TheBridge_Tech https://t.co/0IWmJ42wab,bertinha84
56,2022-04-18 13:22:37+00:00,1516044530348347394,"@bertinha84 @TheBridge_Tech Â¡Â¡Que emociÃ³n!! ğŸ¤—
Todo lo bueno del mundo para ti en esta etapa ğŸ†",alinnfm
57,2022-04-18 08:26:32+00:00,1515970019733258247,@bertinha84 Ese nudo es presagio de algo bueno ğŸ˜†Â¡Bienvenida a @TheBridge_Tech ! Muchas horas de #UXUI te esperan ğŸ™Œ Â¡sin miedo!,TheBridge_Tech
58,2022-04-18 06:50:51+00:00,1515945939508375556,"@marcosDLCS @TheBridge_Tech Lo harÃ©, gracias Marcos ğŸ™‚",bertinha84
59,2022-04-18 06:43:57+00:00,1515944204127645701,"@bertinha84 @TheBridge_Tech Mucha suerte en la nueva aventura.

Â¡No olvides compartir tu camino y tus experiencias! 

Seguro que son de utilidad para la comunidad.

ğŸ’ª",marcosDLCS
60,2022-04-18 06:03:12+00:00,1515933948001632256,Hoy empiezo en un ratito mi camino en el Ux/ui de la mano de @TheBridge_Tech en su bootcamp. Tengo un nudo enorme en el estÃ³mago y todas las ganas de aprender. A por todas voy!,bertinha84
61,2022-04-12 13:12:30+00:00,1513867656180477953,"@manufosela @Adalab_Digital @4GeeksAcademyES @socratech_ @TheBridge_Tech @ITAcademy @nebulova_es Muy orgullosos de nuestros Top Notch CodersğŸš€
Mucho Ã¡nimo a esa 6Âª #GeneracionK  de 
@kairos_ds con todo lo nuevoğŸ‘",CodenotchMAD
62,2022-04-12 11:55:30+00:00,1513848281801056258,"De los 21, hay 7 desarrolladoras de @Adalab_Digital, 4 de @4GeeksAcademyES, 2 de @CodenotchMAD, 1 de @socratech_ , 1 de @TheBridge_Tech, 1 de @ITAcademy, 1 de @nebulova_es y de FP-DAW y autodidactas.",manufosela
63,2022-04-12 09:11:58+00:00,1513807125205684224,A la vuelta de #SemanaSantaSevilla tocağŸ‘‰ #bootcampsğŸ§‘â€ğŸ’»EspecialÃ­zate en #datascience o #desarrollowebfullstack con nuestros programas en colaboraciÃ³n con @ENCamaraSevilla Â¡Estudia en pleno centro de Sevilla! Y en unos meses sal a comerte el sector techğŸš€https://t.co/1MQSzZSqLv https://t.co/ggtxFWCV72,TheBridge_Tech
64,2022-04-11 11:05:33+00:00,1513473323589672963,"ğŸ“…El 25 de abril estrenamos los #BurnMondaysğŸ”¥, con la colaboraciÃ³n de @burn_es, una oportunidad para que nuestr@s alum@s puedan presentar sus proyectos, hacer un taller... En definitiva, mostrar su talento alğŸŒ Â¡Save the date! â¡ Entradas https://t.co/yzVCLHZXVd  
#bootcamps https://t.co/yZuTjBCGIf",TheBridge_Tech
65,2022-04-07 11:18:21+00:00,1512026991578566657,@burn_es Â¿AlgÃºn que otro? ğŸ˜ Toda energÃ­a extra es bienvenida y necesaria ğŸ”‹ğŸ”¥ Â¡Gracias @burn_es! Pronto haremos buen uso de ella... https://t.co/p0uELS5eIf,TheBridge_Tech
66,2022-04-07 10:00:06+00:00,1512007299187027971,"Nos han contado que en @TheBridge_Tech se lo curran mucho... Hemos colado algÃºn que otro BURN, Â¿os viene bien una ayudita de energÃ­a? ğŸ”‹ğŸ”¥",burn_es
67,2022-04-07 07:35:47+00:00,1511970979324518406,En dos semanas empezamos los bootcamps Part Time (compatibles con trabajo/estudios) en #Sevilla y en @ENCamaraSevilla ya hay quiÃ©n ha empezado a calentar!!ğŸ’ª Â¿Preparados para lo que viene? ğŸ‘‰https://t.co/1KbOQQK8iw https://t.co/qfXAXSFyZ4,TheBridge_Tech
68,2022-04-06 09:13:36+00:00,1511633207061630980,@TheBridge_Tech Â¡A vuestra disposiciÃ³n! Â¡Muchas gracias!,beajmnz
69,2022-04-06 07:55:05+00:00,1511613451063410690,"@AndreaMaganRey Hola Andrea Â¡QuÃ© gran trabajo! Estamos encantados de pasarte informaciÃ³n para que puedas completar ese listado, te mandamos un DM ğŸ‘",TheBridge_Tech
70,2022-04-05 13:07:13+00:00,1511329612260950019,@assemblerinstit @TheBridge_Tech @CraftCodeTech @CodeHouseLearn @CodenotchMAD @NeolandStudio @Adalab_Digital @IEuniversity @lemoncoders @codeworks @geeks_academy @penascalf5 Hola. Lo tenemos en formato Json en Git. https://t.co/x2dnE2VFAB PodÃ©is hacer un PR ;),raulcotrina
71,2022-04-05 13:03:14+00:00,1511328611755827200,"@raulcotrina @TheBridge_Tech @CraftCodeTech @CodeHouseLearn @CodenotchMAD @NeolandStudio @Adalab_Digital @IEuniversity @lemoncoders @codeworks @geeks_academy @penascalf5 Muy buenas RaÃºl, nos parece una idea increÃ­ble. Â¿Me dices donde te pasamos la informaciÃ³n de los cursos que tenemos actualmente?",assemblerinstit
72,2022-03-31 20:04:25+00:00,1509622664297693189,"Cuando piensas en un hacker... Â¿Te imaginas a una mujer? ğŸ¤” ""Son muy pocas las mujeres que deciden apostar por estudios de tecnologÃ­a, hay que fomentar la inclusiÃ³n de las mujeres en un mercado laboral con un futuro muy prometedor"", explica @ikerarceseco ğŸ‘©â€ğŸ’»https://t.co/UQgHL1tLCQ",TheBridge_Tech
73,2022-03-30 11:12:07+00:00,1509126320386715655,Hemos colaborado con @TheBridge_Tech aportando el proyecto final de los alumnos para el DesafÃ­o de Tripulaciones y premiando a los 3 grupos con una donaciÃ³n para la ONG de su elecciÃ³n. IncreÃ­bles resultados en tiempo rÃ©cordğŸ¤© #apoyamoseltalentotech https://t.co/vJ5HdV6gSN https://t.co/LpSUpFtdfp,TheFringeLABS
74,2022-03-30 10:01:47+00:00,1509108619782111235,"Â¡LlegÃ³ el dÃ­a! Hoy es el #DesafiodeTripulaciones âš” en el campus de #Valencia Â¡Mucha suerte a toda esa primera promociÃ³n valenciana presentando sus sÃºper webapps! No te lo pierdas â–¶ Sigue ya el DIRECTO aquÃ­ https://t.co/lLXz2wKxaX

#datascience #fullstackwebdevelopment #bootcamp",TheBridge_Tech
75,2022-03-30 09:35:11+00:00,1509101924699803650,"Seguimos con la 2mesa #ForoVocentoEducaciÃ³n: FormaciÃ³n para el futuro y las nuevas profesionales que vienen. Participan:
â–ªï¸ @JuanJoseJuarez @FBertelsmann
â–ªï¸ @mortizcotro @FundCreate
â–ªï¸ Iker Arce @TheBridge_Tech
â–ªï¸ Gabriel Masfurroll @UABBarcelona
ğŸ”´DIRECTO https://t.co/8xxFlqVpCP https://t.co/3qAkFVQ9bs",vocentoeventos
76,2022-03-30 07:47:54+00:00,1509074925654532099,"A partir de las 11h nuestro CEO @ikerarceseco participa en el #ForoVocentoEducacion en el debate ""FormaciÃ³n para el futuro y las nuevas profesiones que vienen"" organizado por @Vocento (@vocentoeventos) y @KreabEspana. SÃ­gueloğŸ”´EN DIRECTO â¡ https://t.co/JFh6RBMBd4 https://t.co/OvbZKL0yVZ https://t.co/RJvjrxULch",TheBridge_Tech
77,2022-03-29 16:26:46+00:00,1508843117000249345,"2âƒ£ FORMACIÃ“N PARA EL FUTURO Y LAS NUEVAS PROFESIONES QUE VIENEN
â–ªï¸ @JuanJoseJuarez (@FBertelsmann)
â–ªï¸ @mortizcotro (@FundCreate)
â–ªï¸ Iker Arce (@TheBridge_Tech)
â–ªï¸ Gabriel Masfurroll (@UABBarcelona)
Modera: Antonio San JosÃ© (@asanjoseperez) (@KreabEspana) 
#ForoVocentoEducaciÃ³n https://t.co/kMY2q5gEZE",vocentoeventos
78,2022-03-26 13:30:10+00:00,1507711509467734019,"Jaime, estoy seguro de que en @TheBridge_Tech , la aceleradora de talento digital lÃ­der en nuestro paÃ­s, estarÃ­an encantados de ayudarte en la organizaciÃ³n de ese Hackhaton. Al menos yo lo estoy ğŸ˜‰ https://t.co/60ybQN84qk",nodosenlared
79,2022-03-24 18:17:28+00:00,1507059034146361344,"La @camaradesevilla organiza junto al Grupo Planeta y su presidente JosÃ© Lara, este encuentro con las empresas #ClubCÃ¡mara para recoger las necesidades del #SectorTecnolÃ³gico y presentar nuestra oferta de #Bootcamps de la mano de @TheBridge_Tech https://t.co/rJkWd5MKT8 https://t.co/J6SHTHXylM",ENCamaraSevilla
80,2022-03-24 16:18:18+00:00,1507029045187387401,Hoy han venido a visitarnos los alumnos de @itep_es de #DAM #ASIR y #MARKETING para conocer nuestro campus de Madrid y el futuro de profesiones tecnolÃ³gicas como las suyas Â¡Esperamos que hayais pasado una estupenda jornada! Sois los profesionales #techie del maÃ±ana ğŸ‘©â€ğŸ’»ğŸ§‘â€ğŸ’» https://t.co/U1gPnU7TgI,TheBridge_Tech
81,2022-03-24 10:30:11+00:00,1506941441574117378,"Â¿Crees que lo sabes todo?ğŸ¤“Â¡DÃ©jate sorprender! AdÃ©ntrate en el mundo de la #ProgramacionWeb y las criptomonedas, conoce la metolodogÃ­a #Scrum o profundiza en el #deeplearning. ApÃºntate a nuestros talleres gratuitos y amplÃ­a horizontes ğŸ‘‰https://t.co/bYfstQB02R https://t.co/O1Y4J6puMR",TheBridge_Tech
82,2022-03-18 08:19:22+00:00,1504734193401618459,"Â¡Comenzamos el #Desafiodetripulaciones âš” de la promo full time de noviembre! El tema de los proyectos: el #coliving, con la colaboraciÃ³n de @TheFringeLABS  Â¡No te pierdas las web apps que han creado! ğŸ”´EN DIRECTO https://t.co/PepMdUmCMu",TheBridge_Tech
83,2022-03-17 18:30:10+00:00,1504525515247472649,"ğŸ‰ Congrats to @simplilearn, @TheBridge_Tech, @thinkful, and @udacity who made it on our list of the 14 Best Digital Marketing Bootcamps of 2022! https://t.co/tgUf4qX2DX https://t.co/MIhFTrM9lA",CourseReport
84,2022-03-17 11:18:27+00:00,1504416870526590977,"MÃ¡s de 300.000 expertos en #ciberseguridad se han unido en una especie de ""ejÃ©rcito IT"" en Ucrania para llevar a cabo ataques informÃ¡ticos contra infraestructuras y empresas rusas ğŸ‘¾ğŸ”“https://t.co/CERWGVqWQw",TheBridge_Tech
85,2022-03-17 08:52:24+00:00,1504380116792664064,"En 2021, las instituciones que forman profesionales digitales con modelos de Bootcamp prepararon a mÃ¡s personas que el 94% de las universidades espaÃ±olas @Adalab_Digital @TheBridge_Tech @ironhack https://t.co/zyzeLrNdLo",carlosguardiola
86,2022-03-15 19:01:18+00:00,1503808574987935757,"ğŸ” We've combed through student &amp; alumni reviews to find the 17 Best Cyber Security Bootcamps of 2022, including @Level_Effect, @nexgent, @simplilearn, @Springboard, and @TheBridge_Tech! 
https://t.co/t9VCetS80T https://t.co/uhS3m8KSBT",CourseReport
87,2022-03-14 23:28:02+00:00,1503513313648463877,@PICKYUAN @TheBridge_Tech @PagePersonnel Yo por experiencia te dirÃ­a que busques otra escuela. Cuando las cosas funcionan bien todo muy bonito ahora cuando noâ€¦ no hacen nada y te dicen que esto es lo que hay ğŸ˜…ğŸ¤¦â€â™‚ï¸,soyelsimo
88,2022-03-14 16:34:24+00:00,1503409219789328384,Â¡Muy contentos por todos ellos! 100% empleabilidad en la promociÃ³n de junio. Gracias desde @TheBridge_Tech por confiar y ponerlo todo tan fÃ¡cil Â¡Felicidades! #fullstackdevelopers #datascientists #digitalmarketers #uxuidesigners #cybersecurityanalysts ğŸ¯ğŸ’¼ https://t.co/R0eGi9QXv5,TheBridge_Tech
89,2022-03-11 19:07:12+00:00,1502360507365400587,"ğŸ‘¾La #ciberseguridad, mÃ¡s necesaria que nunca.

El #sectortecnolÃ³gico pide mÃ¡s financiaciÃ³n y formaciÃ³n de profesionales para evitar ataques a sectores claves para la economÃ­a como energÃ­a, finanzas y transporte ğŸ”’Â https://t.co/OxY8JpRavS",TheBridge_Tech
90,2022-03-11 08:11:49+00:00,1502195577584500740,"Â¿AlgÃºn identificado en la sala? ğŸ˜‚

#desarrolloweb #css #fullstackdeveloper https://t.co/169UXtS1b5",TheBridge_Tech
91,2022-03-09 13:02:12+00:00,1501543878692073472,Faltan por salir las listas de #UXUIProductDesign #DataScience y #DesarrolloWebFullStack Â¡SerÃ­a estupendo volver a aparecer!,TheBridge_Tech
92,2022-03-09 12:09:36+00:00,1501530641610989581,Â¡El #bootcamp de #Ciberseguridad de @TheBridge_Tech vuelve a estar entre los mejores bootcamps del mundo! Y este aÃ±o tambiÃ©n nos estrenamos con el de #DigitalMarketingOps que entra por primera vez en la lista de #CourseReport! Una sÃºper noticiağŸ‘ğŸ‘Â¡Gracias a todos! #bestbootcamps https://t.co/3xShvybDST,TheBridge_Tech
93,2022-03-05 15:02:16+00:00,1500124541137428490,"DÃ­a para agradecer a @TheBridge_Tech y @Glovo_ES la oportunidad que han dado a estos dos cracks para formarse con @codeorg en programaciÃ³n por bloques en un curso de 48 horas de duraciÃ³n.
Bravo ğŸ™Œ 
ğŸ”ğŸ¦¸ğŸ»â€â™‚ï¸ğŸ¦¸ğŸ»â€â™€ï¸ğŸ­ğŸ‡ªğŸ‡¸ https://t.co/ZTCrroHQTc",pablooliete
94,2022-03-03 14:55:10+00:00,1499397980704546831,[OpiniÃ³n] Por mÃ¡s mujeres lÃ­deres en tecnologÃ­a https://t.co/FqVeFL1ljq https://t.co/SFOFIEv1Uo @TheBridge_Tech https://t.co/kBo9xGdGrU,Poder_Liderazgo
95,2022-03-03 14:54:32+00:00,1499397820410851332,[OpiniÃ³n] Por mÃ¡s mujeres lÃ­deres en tecnologÃ­a - https://t.co/FqVeFL1ljq @TheBridge_Tech https://t.co/TE5sXsBaAT,Poder_Liderazgo
96,2022-03-03 14:45:14+00:00,1499395478563155968,"@PICKYUAN @PagePersonnel Sentimos mucho el fallo tÃ©cnico. Revisaremos que pudo pasar, pueden conectarse a prÃ³ximos eventos o contactarnos si quieren mÃ¡s informaciÃ³n sobre la escuela llamar al 919 01 72 57 Â¡Gracias!",TheBridge_Tech
97,2022-03-02 18:25:08+00:00,1499088433293185033,"@TheBridge_Tech @PagePersonnel Mi hijo y yo nos apuntamos con muchos dÃ­as de antelaciÃ³n
Hoy a las 7 nos conectamos y aparece el mensaje ""Enlace caducado"": no nos hemos podido conectar
Es una pena que, ademÃ¡s de tener que recurrir a lo on-line, con la frialdad que supone, ocurran estos fallos tÃ©cnicos
Muy mal",PICKYUAN
98,2022-03-02 08:34:22+00:00,1498939760462630913,"Â¡Empezamos el 21 de marzo en #Sevilla! No te puedes perder este taller de empleabilidad con el que arrancamos ğŸš€ Entradas: https://t.co/91M74qEah2
ğŸ“…Hoy a las 19h
ğŸ“C/Isabela 1, Sevilla
@ENCamaraSevilla https://t.co/euWktCKqYp",TheBridge_Tech
99,2022-02-28 10:49:52+00:00,1498249085337444355,"Toma contacto con el #marketingdigital de la mano de @TheBridge_Tech. Aprende a usar el contenido, el email, las redes sociales y la publicidad digital en este taller impartido por @jpereznavarreteğŸ“

ğŸ“…Jueves 3 de marzo, 18-19h (online)

#EventoDeLaSemana  #masterclass #MyNews",MyNews_es
100,2022-02-28 08:23:30+00:00,1498212250481483778,Gracias @insidezeusdata y @vicencf por la jornada formativa Â¡Fue toda una experiencia para nuestros alumnos de #Valencia! ğŸ¤— https://t.co/CCJh9DGB2f,TheBridge_Tech
101,2022-02-25 13:15:24+00:00,1497198545333624832,"Nuestro PMO @vicencf da una clase a los alumnos de @TheBridge_Tech  en nuestras instalaciones ğŸš€

#bigdata #data #education https://t.co/jiskmovU0m",insidezeusdata
102,2022-02-25 11:02:36+00:00,1497165125752664112,"Â¡#Datascientist mirad esto! âš½ğŸƒ CÃ³mo @LaLiga utiliza el dato y la inteligencia artificial (IA) para predecir cuÃ¡les son las mejores fechas para celebrar partidos, monitorizar la venta de entradas... Â¡Interesante conocer su filial @LaLigaTech! https://t.co/HrEwHLEivh
#datascience",TheBridge_Tech
103,2022-02-25 07:59:12+00:00,1497118969236377601,Â¡Gracias a vosotros! Los alumnos se llevaron grandes consejos y una visiÃ³n del mercado laboral en profesiones #tech desde la perspectiva de #seleccion y #recruitment ğŸ¤© @PagePersonnelES @michaelpage_es https://t.co/GaG9M8PTOA,TheBridge_Tech
104,2022-02-24 15:13:05+00:00,1496865773582696449,"Hace unos dÃ­as, nuestras compaÃ±eras InÃ©s Bdiri y Alba Calvo estuvieron en la Aceleradora de Talento digital @TheBridge_Tech para contar a sus alumnos las ""best practices"" en la bÃºsqueda de empleo y Â¡fue un Ã©xito! ğŸ‘

Â¡Gracias a todos los asistentes!ğŸ™Œ https://t.co/JLvRI7z6Ti",michaelpage_es
105,2022-02-22 15:12:12+00:00,1496140777529004033,"Si veis estos carteles por Sevilla, SÃ, SOMOS NOSOTROS! Aterrizamos en marzo con los #bootcamps en #DataScience y #DesarrolloWebFullStack Â¡Pide informaciÃ³n sin compromiso! En colaboraciÃ³n con @ENCamaraSevilla y @camaradesevilla ğŸ‘ https://t.co/V8mmlFAlEc https://t.co/JUOBlK4F7V",TheBridge_Tech
106,2022-02-22 07:20:00+00:00,1496021941483802630,"ğŸ“¢Â¡Ãšltima semana!
AÃºn puedes solicitar una de las becas que otorgamos junto a @IndraCompany para la realizaciÃ³n de un #bootcamp de Desarrollo Web Full-stack en @TheBridge_Tech ğŸ’»

ğŸ’»10 #becas dirigidas a personas con #discapacidad con formaciones #STEM ğŸ“² https://t.co/ubL3Gyg3Gl https://t.co/yHUvz4zCXG",FUniversia
107,2022-02-21 10:43:12+00:00,1495710690950193155,"Â¡Nuevos eventos para febrero y marzo! Talleres sobre #IA, #marketingdigital #empleabilidad, #ciber, #datascience Â¡No te los pierdas e inscrÃ­bete! â¬‡ï¸ https://t.co/bSsTjrDH8l https://t.co/4b1jxJmMLO",TheBridge_Tech
108,2022-02-19 15:18:18+00:00,1495055146769915908,Yo he caÃ­do en el bootcamp de Data science de @TheBridge_Tech en madrid. Si valor agregado consiste en presionarte para que aprendas por tu cuenta. Si no aprendes es tÃº culpa porque su mÃ©todo es muy sÃ³lido. Aunque se queje el 50% de la clase. https://t.co/g892EydfYy,soyelsimo
109,2022-02-18 10:57:48+00:00,1494627201794428930,Â¿AÃºn no has solicitado tu beca para el #bootcamp de Desarrollo Web Full-stack en @TheBridge_Tech? Si tienes #discapacidad y una formaciÃ³n universitaria #STEM puedes recibir una de las 10 becas de @IndraCompany y @FUniversia ğŸ“²Â¡InscrÃ­bete ya! https://t.co/wYjp06QE9c https://t.co/bLDY1DVOKa,IndraCompany
110,2022-02-15 17:32:04+00:00,1493639257587601413,Presentando nuestra 2Âª ediciÃ³n del Programa de Mentoring de forma presencial en @TheBridge_Tech. Encantadas con la asistencia y el apoyo de nuestros mentores y mentees ğŸ™‚ğŸ™‚ Muchas gracias!! #womenincyber #W4C https://t.co/JcPYHB5Aze,Women4Cyber_SP
111,2022-02-13 19:38:48+00:00,1492946377290178564,@peritecno @jcgalindo_ @Women4Cyber_SP @TheBridge_Tech @bbva @sanitas @unicc_ict @EduvigisOrtiz @tima_soni QuÃ© pena no poder asistir de manera presencial y poder conocer al resto de mentores y mentees,AIBot_CdH
112,2022-02-12 17:51:40+00:00,1492557029046632448,@uxbs_podcast El bootcamp de @TheBridge_Tech,soyuxpuntocom
113,2022-02-11 10:38:26+00:00,1492085613713141760,"Hoy se celebra VLC Tech Women con motivo del #DiaDeLaMujeryLaNiÃ±aEnLaCiencia, un evento en el que se hablarÃ¡ de inteligencia artificial, datos y el futuro de la mujer en la tecnologÃ­a @AcmUpv @AcmWUpv https://t.co/OhDBKHnsQQ Â¡Promete ser muy interesante!ğŸ‘©â€ğŸ’»",TheBridge_Tech
114,2022-02-10 15:50:18+00:00,1491801710729195524,"Sevilla estÃ¡ llena de talentos digitales por descubrir Â¿te animas a conocer las profesiones del futuro?ğŸ§‘â€ğŸ’»Ven al taller y conoce de la mano de @pagepersonnel los perfiles mÃ¡s demandados Â¡Saca tus entradas!ğŸ‘‰ 2 de marzo, 19h. https://t.co/5UMpplARdX",TheBridge_Tech
115,2022-02-08 10:42:03+00:00,1490999359579643909,Â¡Feliz martes porque podemos anunciar que los Proptech Thursdays aterrizan en Madrid el 3 de marzo! ğŸ‰Hemos creado estos eventos mensuales con la colaboraciÃ³n de @apicatalunya  y @TheBridge_Tech  y podÃ©is reservar vuestras entradas en este enlace: https://t.co/cHFFfDUA9Z,TheFringeLABS
116,2022-02-08 09:00:22+00:00,1490973768667512835,"AÃºn puedes solicitar una de las becas que otorgamos junto a @IndraCompany para la realizaciÃ³n de un #bootcamp de Desarrollo Web Full-stack en @TheBridge_Tech ğŸ’»

Son 10 #becas dirigidas a personas con #discapacidad con formaciones #STEM ğŸ“² https://t.co/ubL3GyycUt https://t.co/KAzkvXPFkY",FUniversia
117,2022-02-06 21:01:55+00:00,1490430578633674756,"Muchas ganas de hablar este martes con alumnos de @TheBridge_Tech acerca de como hacemos #DataScience #MachineLearning en Decathlon
https://t.co/asAw5W6uht https://t.co/4HOtEnbx7P",antoniolopezg
118,2022-02-03 14:49:57+00:00,1489249806249644040,AutomatizaciÃ³n y el Covid-19 en el horizonte del nuevo trabajador https://t.co/aA3d4D199h #TalentoProfesional #TheBridge #Automatizacion @thebridge_tech,zoomtecnochile
119,2022-02-03 10:18:12+00:00,1489181416818724864,"Â¡Nos visita @DecathlonES ! Si te interesa la ciencia de datos y cÃ³mo se aplica a proyectos reales Â¡ApÃºntate al evento! ğŸ‘‡ El 8 de febrero a las 17.30h ğŸ˜‰
#datascience #bestpractice #freeevent
https://t.co/pXyFXll3fa",TheBridge_Tech
120,2022-02-02 09:47:00+00:00,1488811177928921089,"Cada vez se habla mÃ¡s de las ""soft skills"" y de lo importante que son para aplicar a posiciones tecnolÃ³gicas Â¡Descubre cuÃ¡les son en nuestro evento ""Soft Skills en tiempos de robots""! Saca tu entrada ğŸ‘‡
https://t.co/PfcDscwDtP",TheBridge_Tech
121,2022-02-01 16:40:00+00:00,1488552725113618439,"ğŸ”¥ Â¡Impulsa tu carrera profesional con los nuevos #BootCamps de la @encamarasevilla!

âœ…Participa en el #OpenDay de los BootcampsğŸš€ de Data Science y Desarrollo Web Full Stack con @TheBridge_Tech.

MÃ¡s informaciÃ³n en â¤µ

https://t.co/CspTlfsJR8 https://t.co/ModB2H17pc",camaradesevilla
122,2022-01-31 15:08:09+00:00,1488167222979801095,"AÃºn puedes solicitar una de las becas que otorgamos junto a @FUniversia para la realizaciÃ³n de un #bootcamp de Desarrollo Web Full-stack en @TheBridge_Tech ğŸ’»
Son 10 #becas dirigidas a personas con #discapacidad con formaciones #STEM ğŸ“² https://t.co/wYjp06QE9c https://t.co/OYCENTaRMr",IndraCompany
123,2022-01-27 08:33:56+00:00,1486618465909854214,"@kenia913 @_JorgeSLL_ @ChemaCorbacho @InesSainzOf @CHANCE_es @TheBridge_Tech No es asÃ­. Hay una carrera universitaria llamada Ciencia de Datos y tambiÃ©n postgrados, pero lo que ha hecho ella es un curso de 15 semanas que no require tener estudios previos, el Ãºnico requisito haber cumplido 18 aÃ±osâ€¦ 15 semanas de curso y se autodefine como â€œCientÃ­ficaâ€ ğŸ¤¦ğŸ»â€â™€ï¸",pumuckey
124,2022-01-26 18:00:00+00:00,1486398530243735553,"ğŸ‘ @FUniversia, @IndraCompany y @TheBridge_Tech ponen en marcha programa de formaciÃ³n tecnolÃ³gica gratuita para personas con discapacidad.

Lee mÃ¡s aquÃ­ ğŸ‘‰ https://t.co/8S1QiTK66I https://t.co/I2gFpUMUnG",SoyValor
125,2022-01-25 12:04:30+00:00,1485946677194371074,"ğŸ“°@UniversiaES, @IndraCompany i @TheBridge_Tech signen un acord per a engegar un programa de #beques dirigit a persones amb discapacitat que compten amb estudis #STEM, als quals donaran accÃ©s a un bootcamp d'aprenentatge en Desenvolupament Web Full-stack

https://t.co/dd3G8smkNU https://t.co/kwtYcCiyBV",AssociacioACEC
126,2022-01-24 11:54:42+00:00,1485581825401577472,"Â¡Open Day Sevilla! Asiste al evento y conoce mÃ¡s sobre los bootcamps de #DataScience y #DesarrolloWebFullStack en nuestra nueva sede en la @ENCamaraSevilla @camaradesevilla Â¿EstÃ¡s pensando en acelerar tu carrera digital?

ğŸ‘©â€ğŸ’»Saca ya tus entradasğŸš€https://t.co/j6mTRz4NDB",TheBridge_Tech
127,2022-01-22 10:16:00+00:00,1484832209567551489,"Â¡Inside The Bridge! Â¡EmociÃ³n a flor de piel! AsÃ­ reacciona Miriam SÃ¡nchez, la profe de UX/UI a los #proyectosfinales de los alumnos Â¡Se puede decir que ya son UX/UI Designers! ğŸ˜†

#uxui #bootcamp #clases #motivacion #palabrasraras https://t.co/bU5ZaGcTPV",TheBridge_Tech
128,2022-01-21 11:00:02+00:00,1484480904030523394,"Junto con @IndraCompany lanzamos 10 becas destinadas a la realizaciÃ³n de un #bootcamp de Desarrollo Web Full-stack en @TheBridge_Tech ğŸ’»
Estas becas estÃ¡n dirigidas a personas con #discapacidad que cuenten con formaciones #STEM 
ğŸ“…Hasta el 28/02
ğŸ“² https://t.co/ubL3GyxF4V https://t.co/UP09YF3eb9",FUniversia
129,2022-01-21 10:22:41+00:00,1484471502586138629,"Junto a @FUniversia otorgamos 10 becas destinadas a la realizaciÃ³n de un #bootcamp de Desarrollo Web Full-stack en @TheBridge_Tech 
ğŸ’» Estas becas estÃ¡n dirigidas a personas con #discapacidad con formaciones #STEM  
ğŸ“…Hasta el 28/02 https://t.co/wYjp06QE9c https://t.co/qb8rHZOxtG https://t.co/uIIWUf5IZH",IndraCompany
130,2022-01-21 09:47:17+00:00,1484462596065574914,Hoy tenemos reto de tripulaciones @TheBridge_Tech Un dÃ­a muy especial para todos! Enhorabuena a todos los alumnos que se gradÃºan hoy. https://t.co/f0nCFK8asz,diegodl
131,2022-01-20 10:54:42+00:00,1484117172494475265,"Nuevo eventoğŸ¤©""La Inteligencia Artificial y la Ley: lo que hay y lo que viene"" a cargo de @rayadvd

ğŸ“†25 de enero en @TheBridge_Tech

Â¡Saca ya tus entradas!ğŸŸï¸https://t.co/EG7QBigIgJ

#ResponsibleAI #AILaw #Compliance @nodosenlared 
@josepcurto",TheBridge_Tech
132,2022-01-19 16:20:41+00:00,1483836824279818241,"El claustro de #DataScience de @TheBridge_Tech ha creado este ""escalofriante"" vÃ­deo haciendo uso de Inteligencia Artificial con motivo del tema del #DesafÃ­odeTripulaciones sobre la protecciÃ³n de las marcas Â¡Alumnos y famosos se mezclan en este ejercicio de #deepface! #IA ğŸ¤¯ https://t.co/3Eg8WYfV2p",TheBridge_Tech
133,2022-01-19 09:45:15+00:00,1483737308553789445,"La directora de #ciberseguridad de @siemens @NataliaOropezaG  aboga por una sÃ³lida estrategia de ciberseguridad de manera proactiva, y no reaccionar ""tras haber tenido un ataque o una auditorÃ­a interna, instalando algunas medidas aquÃ­ y allÃ­""âš”ï¸ #Checkitout
https://t.co/3ZXCwOU8pT",TheBridge_Tech
134,2022-01-18 16:02:13+00:00,1483469787078533123,"Del periodismo al marketing digital ğŸ¤¸ esta es la historia de Blanca GÃ³mez y su experiencia cursando el #bootcamp de #DigitalMarketingOps en @TheBridge_Tech Â¡Dale al â–¶! 

#digitaltalent #aceleratucarrera https://t.co/sU5Ogt3xGn",TheBridge_Tech
135,2022-01-12 19:03:03+00:00,1481340966866989063,"Ciclo de Conferencias sobre Inteligencia Artificial Responsable curso 21-22:
""La Inteligencia Artificial y la Ley: lo que hay y lo que viene"" a cargo de @rayadvd 
El 25 de enero, en @TheBridge_Tech info: https://t.co/Zyvxg8uLb0 #ResponsibleAI #AILaw #Compliance | Cc @josepcurto https://t.co/ZqomfcYZ8j",nodosenlared
136,2022-01-09 17:23:02+00:00,1480228635294449667,Me encantarÃ­a saber que les enseÃ±an sobre estadÃ­stica en el super curso de data science de @TheBridge_Tech,ing_titiritero
137,2022-01-08 12:10:46+00:00,1479787660910768132,"@cbusquets Hola, @TheBridge_Tech te da la opciÃ³n de pagar una vez consigues trabajo. @uxerschool tambiÃ©n te da opciones de pago. En mi opiniÃ³n son los dos top de Madrid",cmarchena
138,2022-01-05 08:00:01+00:00,1478637395289378817,"Â¿Quieres formarte en una de las profesiones que mÃ¡s futuro tienen en la actualidad?
Acuerdo entre @camaradesevilla y @TheBridge_Tech 
https://t.co/RyKjNHm0AE
#pymes #autonÃ³mos #emprendedores #Sevilla
#Actualidad #Noticias #NoticiasHoy",pymesmagazine
139,2021-12-27 11:46:49+00:00,1475432979925278723,Â¿Quieres crear una #startup ? Â¿EstÃ¡s perdido en el mundo de los socios? â¡Nuevo evento de formaciÃ³n para emprendedores sobre #pactosdesocios impartido por @Letslawfirm Â¡Evento online y gratuito! ApÃºntate ya 12 ene 17.30hğŸ‘©â€ğŸ’» https://t.co/pNQyu844fb https://t.co/eM18tiU80S,TheBridge_Tech
140,2021-12-22 15:09:57+00:00,1473672163571998748,"PrÃ³xima paradağŸ“Sevilla Â¡Los #bootcamps de @TheBridge_Tech llegan a la ciudad de la mano de @ENCamaraSevilla! El 21 de marzo empezamos con #DataScience y #DesarrolloWebFullStack ğŸ™Œ 

InfÃ³rmate en https://t.co/V8mmlFAlEc

#sevilla #digitaltalent #aceleratucarrera @camaradesevilla https://t.co/6D8GlYkKwX",TheBridge_Tech
141,2021-12-22 11:41:40+00:00,1473619743454203910,"La @camaradesevilla y @TheBridge_Tech firma un acuerdo para propiciar el aumento de la #empleabilidad y reducir la brecha digital en #AndalucÃ­a, a travÃ©s de #Bootcamps ğŸš€ especializados que ofrece @ENCamaraSevilla ğŸ”.

MÃ¡s informaciÃ³n en â¤µï¸

https://t.co/2BhrDKephp https://t.co/B3JdX9J49q",camaradesevilla
142,2021-12-14 08:29:37+00:00,1470672309719646210,@AlonsoVcr96 Le hemos escrito un DM ğŸ˜‰,TheBridge_Tech
143,2021-12-14 03:17:12+00:00,1470593689554722816,"@TheBridge_Tech Hola, una pregunta. No pude asistir a este evento y me interesa. Me pueden compartir grabaciÃ³n o algÃºn resumen? me interesa mucho porque soy estudiante y esta charla se me hace genial. Aunque sea un resumen que tengan a mano. Pongo foto https://t.co/gQ45CiCI6u",AlonsoVcr96
144,2021-12-13 10:14:08+00:00,1470336227324973057,â˜ƒï¸Winter is coming... RefÃºgiate en el conocimiento de la mano de los eventos gratuitos de @TheBridge_Tech ğŸ‘©â€ğŸ’»Â¡Un montÃ³n de talleres para aprender y una oportunidad para conocer de cerca lo que hacemos! InscrÃ­bete yağŸ‘‰https://t.co/33sWyP85sA https://t.co/9KXb8OxuuI,TheBridge_Tech
145,2021-12-12 18:59:03+00:00,1470105937281265664,@Josune44377694 @InesSainzOf @ChemaCorbacho @CHANCE_es @TheBridge_Tech https://t.co/Nqrv7y9TwV,Good_Mannersss
146,2021-12-12 07:44:02+00:00,1469936064332713986,@Good_Mannersss @InesSainzOf @ChemaCorbacho @CHANCE_es @TheBridge_Tech Te rÃ­es tu solo de tu carencia de argumentos? Solo sabÃ©is insultar y menospreciar. Vais a ser muy Ãºtiles a la dictadura en ciernes que nos va a tocar vivir,Josune44377694
147,2021-12-10 12:46:25+00:00,1469287386442080269,"El prÃ³ximo martes, 14 de diciembre, cerramos el Ciclo de Conferencias sobre #ResponsibleAI en @TheBridge_Tech con ""Drift: pÃ©rdida de rendimiento en sistemas de ML""
MÃ¡s info: https://t.co/RXwX3Glnzm 
CrÃ©dito imagen: @EvidentlyAI https://t.co/Y77sXjYtvn",nodosenlared
148,2021-12-08 22:00:55+00:00,1468702156148678661,"@kike_mep @aevidevs @TheBridge_Tech Yo por la tarde tengo un examen y me voy a perder la presentaciÃ³n de @aevidevs , pero la obligaciÃ³n es la obligaciÃ³n ğŸ˜­ğŸ˜­ğŸ˜­",dosmildiez
149,2021-12-08 21:18:42+00:00,1468691532358291461,@kike_mep @TheBridge_Tech Ese juez molÃ³n y los jueguitos chulos de las #AyudasAEVI ğŸ”¥,aevidevs
150,2021-12-08 21:14:40+00:00,1468690517525471232,"MaÃ±ana a primera hora tengo que evaluar unos jueguitos de @aevidevs y luego seguir con el trabajo final de mi Bootcamp en @TheBridge_Tech 

Por la tarde dentistaâ€¦",kike_mep
151,2021-12-08 16:06:00+00:00,1468612835995308034,Nos llena de orgullo y satisfacciÃ³n la sÃºper App que han creado nuestros profes y alumnos para #joytotheworld2021 Â¿CÃ³mo funciona? Escaneas un cÃ³digo QR y por arte de magia los personajes aparecerÃ¡n ante ti gracias a la realidad aumentada Â¡Mola mucho!ğŸ„ https://t.co/67UXpyevlN https://t.co/oCz5FtXpWB,TheBridge_Tech
152,2021-12-08 08:01:40+00:00,1468490952297918467,"@ChemaCorbacho @InesSainzOf @CHANCE_es @TheBridge_Tech Ni antes, ni despuÃ©s.",alelalex
153,2021-12-07 08:24:29+00:00,1468134306237321218,"State of European Tech 2021 | ""Talent acquisition tops the list of challenges for founders, alongside fundraising"" https://t.co/odUs5fIN2M Cc: @TheBridge_Tech",nodosenlared
154,2021-12-03 18:25:11+00:00,1466835926307549193,"The Bridge (@TheBridge_Tech) y Women4Cyber Spain (@Women4Cyber_SP), por la inclusiÃ³n de las #mujeres en el mundo de la #ciberseguridad https://t.co/MjCsG2rDEy Un sector que sigue implementando la oferta de #empleo. https://t.co/GqQSRpi6uL",anna_conte
155,2021-12-03 10:55:20+00:00,1466722714379509762,"Hoy con motivo del #DiaInternacionalDiscapacidad os compartimos las Wep Apps accesibles que crearon los alumnos en uno de los Ãºltimos #DesafÃ­osDeTripulaciones âš”ï¸Un reto todavÃ­a a superar, ya que muchas webs presentan problemas de #accesibilidad #accesibilidadweb ğŸ“² https://t.co/S6MGI9SjuF",TheBridge_Tech
156,2021-12-02 07:28:43+00:00,1466308330763296768,"Genial workshop sobre TDD el realizado por parte de @MercadonaTech ayer, nos lo pasamos genial, aprendimos TDD y todo el mundo acabo contentÃ­simo con las caÃ±as y networking. Muchas gracias a @TheBridge_Tech por cedernos el espacio para realizarlo. https://t.co/QleXn5TKCf",MadridDjangoUG
157,2021-12-01 19:35:59+00:00,1466128967350554624,Taller in progress ğŸ’ªğŸ»ğŸ’ªğŸ»ğŸ’ªğŸ» @MercadonaTech @TheBridge_Tech https://t.co/yzwAcrYb0p,MadridDjangoUG
158,2021-12-01 18:24:54+00:00,1466111078295875585,En el Taller de @MercadonaTech sobre TDD aplicado al desarrollo API Â¡Nos metemos de lleno en la materia!ğŸ’» ğŸ’ª #desarrolloweb #fullstack #Django https://t.co/N8LVEKnq8W,TheBridge_Tech
159,2021-12-01 15:24:39+00:00,1466065714972872712,"Ayer coincidiendo con el #DÃ­adelaCiberseguridad firmamos un acuerdo de colaboraciÃ³n con @Women4Cyber_SP para seguir fomentando la presencia de mujeres en profesiones digitalesğŸ“¸Junto a la promo Part-time del #bootcamp de Ciberseguridad, en la que hay 5 mujeres ğŸ™Œ https://t.co/uPb7ROYN6S",TheBridge_Tech
160,2021-12-01 13:19:46+00:00,1466034288462340099,"@EmilioMarioRod1 Gracias @EmilioMarioRod1ğŸ˜ŠTodos nos hemos sentido perdidos a la hora de buscar empleo, quÃ© pasos seguir o si la decisiÃ³n que tomamos al optar por una formaciÃ³n u otra es la correcta Â¡Ãnimo, ya sea si te lanzas a la bÃºsqueda de empleo o eliges darle un empujÃ³n a tu formaciÃ³n! ğŸš€",TheBridge_Tech
161,2021-12-01 12:58:37+00:00,1466028966515466247,Estoy en la charla de @TheBridge_Tech sobre que hacer cuando te has graduado y estÃ¡ siendo muy interesante! La verdad es que me siento identificado con algunos de los ejemplos que estÃ¡n dando ğŸ˜,EmilioMarioRod1
162,2021-12-01 11:51:16+00:00,1466012018117386241,"@TheBridge_Tech @LegalHackersMAD @crisvillasante @sergiocm Gracias a vosotros, @TheBridge_Tech , por ser tan fantÃ¡sticos anfitriones. 40 personas en persona y mÃ¡s de 80 online que nos sentimos como en casa!",derechopractico
163,2021-12-01 10:32:17+00:00,1465992140551512070,Viajamos a Extremadura para participar en la mesa de debate sobre transformaciÃ³n digital y formaciÃ³n de @Forbes_es Â¡Un placer poder contar lo que hacemos y mostrar la visiÃ³n de @ikerarceseco CEO de @TheBridge_Tech ! #ReinventingExtremadura https://t.co/7lOvQoBLZy,TheBridge_Tech
164,2021-12-01 09:02:24+00:00,1465969519390871552,"Una autÃ©ntica masterclass la que vivimos ayer con @LegalHackersMAD sobre los modelos de criptomonedas #NFT. Gracias @crisvillasante @sergiocm y Pedro MÃ©ndez de Vigo por el debate y a @derechopractico por colaborar en este tipo de charlasğŸ‘ğŸª™

#eventos #criptomonedas https://t.co/VcHUQOWqH2",TheBridge_Tech
165,2021-12-01 06:55:55+00:00,1465937687047811075,"@TrabajarEuropa Pues no tenÃ­a ni idea de quiÃ©n era, ni de que ha sido miss EspaÃ±a. He curioseado un pelÃ­n y me he encontrado con esto.

https://t.co/0sKJ5J5x8m

No sÃ© si a @TheBridge_Tech le habrÃ¡ hecho mucha gracia ver a una exalumna incitando a la no vacunaciÃ³n con anÃ¡lisis errÃ³neos.",Er__Tato
166,2021-11-30 20:13:30+00:00,1465776018678034439,@InesSainzOf @ChemaCorbacho @CHANCE_es @TheBridge_Tech El mundo de crear mentiras... Jajajajaja,Good_Mannersss
167,2021-11-30 19:31:06+00:00,1465765349060755457,"@jmfcomas @AlexTourino @TheBridge_Tech @LegalHackersMAD @sergiocm Muchas gracias @LegalHackersMAD @derechopractico por organizar este tipo de eventos e invitarme a formar parte de ellos . He disfrutado mucho con @sergiocm , Pedro MÃ©ndez de Vigo y David Ruiz !",crisvillasante
168,2021-11-30 18:06:59+00:00,1465744181595455497,@LegalHackersMAD @TheBridge_Tech  @derechopractico https://t.co/acjhX9S4HX,isabel34percent
169,2021-11-30 18:01:58+00:00,1465742916849127425,"En @TheBridge_Tech con los @LegalHackersMAD en charla sobre #NFT con cracks como @crisvillasante , @sergiocm y Pedro MÃ©ndez de Vigo https://t.co/NLyZjTGPEx",jmfcomas
170,2021-11-30 17:28:55+00:00,1465734600295133189,Todo listo para hablar de NTFs en @TheBridge_Tech con @LegalHackersMAD #legalhack,isabel34percent
171,2021-11-30 12:41:52+00:00,1465662360975294468,Â¿EstÃ¡is nerviosas/os? MaÃ±ana tenemos el taller impartido por @MercadonaTech sobre TDD aplicado al desarrollo de APIs en @TheBridge_Tech. Os pedimos encarecidamente que si no vais a asistir os desapunteis para no dejar a gente fuera por ello ğŸğŸ https://t.co/EZwyYdN6aW,MadridDjangoUG
172,2021-11-30 12:06:59+00:00,1465653584046039040,"ğŸŸ¢#ReinventingExtremadura

ğŸ—£ï¸Iker Arce, CEO de @TheBridge_Tech: ""Las personas son las que toman las riendas de su formaciÃ³n. Y ahora es necesario que las formaciones sean cortas porque todo cambia muy rÃ¡pido"" 

https://t.co/u3QpQ6aGpD https://t.co/CuezlXsWg3",Forbes_es
173,2021-11-30 10:14:58+00:00,1465625392518213634,@InesSainzOf @ChemaCorbacho @CHANCE_es @TheBridge_Tech Y sigue sin tenerlos,kimerita
174,2021-11-30 09:49:56+00:00,1465619095022415874,@sergio_t81 @TheBridge_Tech @TheBridge_Tech estÃ¡ ahÃ­ ahÃ­ con los cursos de JPelirrojo y las estafas piramidales de Josef Ajram,a_linzoain
175,2021-11-30 09:36:15+00:00,1465615651444301828,@sergio_t81 @gemagoldie @TheBridge_Tech Igual lo que no maneja es el paint y por eso no le llega a la columna de al lado... ğŸ¤·â€â™‚ï¸,GonzaloMMD
176,2021-11-30 09:20:45+00:00,1465611748778598403,@TheBridge_Tech Esta es la calidad que ofrecÃ©is en vuestros bootcamps? Esta es la formaciÃ³n y la calidad de vuestros â€œcientÃ­ficos de datosâ€? https://t.co/a6vuEjTkt0,sergio_t81
177,2021-11-29 10:32:00+00:00,1465267291273240579,"QuÃ© es Career Readinessâ“ Es la etapa final del #bootcamp donde entrenas tu empleabilidad a travÃ©s de talleres para mejorar el CV, simulaciones de entrevistas y los""Recruiter's Corner""ğŸ¤con empresas que buscan perfiles digitales Â¡Networking en estado puro! https://t.co/cUjM5F2g3k https://t.co/sNxFYcejcq",TheBridge_Tech
178,2021-11-26 07:55:11+00:00,1464140666229993475,"ğŸš€ @LegalHackersMAD vuelven a la carga con un meetup sobre tokens no fungibles o NFT ğŸ‘ğŸ‘ğŸ‘

â¡ï¸ https://t.co/tjiHZMSGPg

ğŸ—£ï¸ Intervienen @sergiocm , @risvillasante (de @ECIJA ) y #PedroMÃ©ndez (de @Cuatrecasas )
ğŸ—“ï¸ Martes, 30, 18h30
âš™ï¸Colaboran @TheBridge_Tech y @derechopractico https://t.co/INVegDY3tT",derechopractico
179,2021-11-25 12:52:51+00:00,1463853186335358976,El equipo de @MercadonaTech viene a vernosâ— Van a lanzar un equipo tÃ©cnico en Madrid ğŸ™Œ y tambiÃ©n vienen a hablarnos de cÃ³mo aplicar TDD al #desarrolloAPI ğŸ“…PrÃ³ximo 1 dic a las 19.00h Â¡ApÃºntate ya a esta sÃºper oportunidad y conoce de cerca cÃ³mo trabajan! https://t.co/Lx2aILHuyh,TheBridge_Tech
180,2021-11-25 09:34:21+00:00,1463803234137436161,"Y todos estos mÃ¡s por venir: 
@4GeeksAcademyES @lewagonspain @KeepCoding_ @Letscoder_ @CodenotchMAD @uxerschool @TheBridge_Tech @NeolandStudio https://t.co/OlQkUzvyAH",Tadatic_
181,2021-11-24 15:23:22+00:00,1463528679569559556,Â¿Tienes curiosidad por el mundo de las criptomonedas? ğŸª™Â¿Has oÃ­do hablar de los #NFT? La semana que viene nos visitarÃ¡ @LegalHackersMAD para hablar de este fenÃ³meno y de por quÃ© tiene tanto Ã©xito Â¡No te lo pierdas! ApÃºntate ya ğŸ‘‡ https://t.co/WOHq4zcU3i @derechopractico,TheBridge_Tech
182,2021-11-24 11:32:31+00:00,1463470583539245060,"@UzumakiLeo_ @IronhackMAD @ironhack @hackaboss_ @TheBridge_Tech @WildCodeSchool @KeepCoding_ @SantanderUni @UniversiaES Â¡Buenas! A dÃ­a de hoy, el Plan Circular solamente estÃ¡ disponible para residentes en EspaÃ±a.",FUniversia
183,2021-11-24 09:35:30+00:00,1463441132461772806,@FUniversia @IronhackMAD @ironhack @hackaboss_ @TheBridge_Tech @WildCodeSchool @KeepCoding_ @SantanderUni @UniversiaES Siendo de Argentina se puede participar?,UzumakiLeo_
184,2021-11-23 10:08:00+00:00,1463086924369825793,"QuÃ© es el DesafÃ­o de Tripulacionesâ“ ""Es un reto en el que agrupamos a todos los bootcamps de @TheBridge_Tech y cada grupo tiene que desarrollar una Web App"", nos cuenta RamÃ³n, alumni de #Data y #Ciber â–¶ Mira el Ãºltimo https://t.co/YStRwgLNJt

#bootcamp #desafiodetripulaciones https://t.co/5F1Id5Amvl",TheBridge_Tech
185,2021-11-23 09:48:10+00:00,1463081934414925828,"Tenemos un taller super awesome el dÃ­a 01/12 a las 19:00 que imparte @MercadonaTech en @TheBridge_Tech sobre TDD en APIs con #Django, apuntaos que os quedÃ¡is sin plaza ğŸƒğŸ½ğŸƒğŸ¾â€â™€ï¸ğŸƒğŸ»ğŸƒâ€â™€ï¸ https://t.co/h6qAaIKpJO",miguelFLG13
186,2021-11-23 09:01:36+00:00,1463070213965066244,Â¿Por quÃ© Valencia?â˜€ï¸En Valencia se crean al dÃ­a entre 500 y 1.000 puestos en profesiones digitales. Gracias a la formaciÃ³n en formato bootcamp podemos dotar a las empresas en tan solo unos meses de personas altamente capacitadas a nivel tÃ©cnico y analÃ­tico https://t.co/9aaHcnSCnu,TheBridge_Tech
187,2021-11-22 17:21:21+00:00,1462833592015503369,Â¡Bienvenidos! #DÃ­a0 en Valencia para nuestros alumnos de #DataScience y #FullStack que empiezan con ilusiÃ³n su camino en @TheBridge_Tech y dispuestos a acelerar su carrera digital Â¡Estrenan campus y les recibimos con los brazos abiertos! ğŸ¤— Gracias @uchceu https://t.co/ncXF5RfsSX,TheBridge_Tech
188,2021-11-18 13:38:37+00:00,1461327988897861635,@diegodl @TheBridge_Tech Un placer compartir con vosotros la forma en la abordamos nuestros desafios con datos e IA . Estais construyendo un gran entorno y vi un montÃ³n de talento ! Esperando tener la oportunidad de volver a coincidir,antoniolopezg
189,2021-11-18 12:46:36+00:00,1461314899645280257,"Â¡Happy Birthday to @TheBridge_Tech ! Hoy cumplimos 2âƒ£ aÃ±os llenos de historias en los que la motivaciÃ³n y la intensidad nunca ha faltado. Muchos alumnos han cambiado su vida con nosotros, y no sÃ³lo a nivel profesional Â¡Por muchos mÃ¡s! Gracias ğŸ™ŒğŸŠ https://t.co/uSjwX0qIqi",TheBridge_Tech
190,2021-11-17 12:33:46+00:00,1460949280563384323,Hoy ha venido a conocernos @antoniolopezg a @TheBridge_Tech. Nos estÃ¡ contando un poco sobre su trabajo. Muchas gracias!! https://t.co/rkzpvrxfWg,diegodl
191,2021-11-17 11:22:50+00:00,1460931429311864840,"Feliz #DÃ­aDelEstudiante ğŸ™Œ a todos los alumnos de @TheBridge_Tech ğŸš€

Â¡El esfuerzo diario que le ponÃ©is os hace grandes!

AquÃ­ la prÃ³xima cantera de desarrolladores web full stack ğŸ’»

#bootcamps #desarrolloweb #uxuidesing #digitalmarketing #ciberseguridad #datascience https://t.co/yrYIOywfRx",TheBridge_Tech
192,2021-11-17 09:24:23+00:00,1460901623622995968,"Web scraping, sistemas de diseÃ±o, el engaÃ±o de los datos... Â¿no te suena de nada? ApÃºntate a nuestros eventos y aprende de manera gratuitağŸ‘‰https://t.co/LENJXyCN16 
Â¡EntradasğŸŸ!
@LegalHackersMAD â¡ https://t.co/RzaRZ5uTgP
@MercadonaTech â¡ https://t.co/mJko5EJBzJ https://t.co/ObicFrc2Oo",TheBridge_Tech
193,2021-11-16 18:34:52+00:00,1460677767465517075,"@MeetupES @TheBridge_Tech Que ganas tengo de que vuelvan los eventos presenciales a la antigua... Vivo de ello, y gano un pastizal, y que me dure, pero eventos por videoconferencia = bullshit :-(",el_piranna
194,2021-11-16 18:31:58+00:00,1460677035861364741,"Acabo de venir a mi primer @MeetupES presencial desde la pandemia en @TheBridge_Tech... al ser hÃ­brido, 4 personas viendo al ponente en una pantalla desde Kuala Lumpur, el resto online. Aparte de lo surrealista de la situaciÃ³n, el formato es un coÃ±azo. No pizza, no party.",el_piranna
195,2021-11-16 17:42:35+00:00,1460664611980652552,Â¡Ya estamos! Comienza la conferencia de Interpretabilidad 'Las razones ocultas en la toma de decisiones algorÃ­tmicas' Gracias @nodosenlared @josepcurto https://t.co/RqnqlBRE5d,TheBridge_Tech
196,2021-11-16 09:56:25+00:00,1460547293409689603,"#EstÃ¡Pasando ğŸ§ğŸ§ğŸ§

ğŸš€ @LegalHackersMAD vuelven a la carga con un meetup sobre tokens no fungibles o NFT ğŸ‘ğŸ‘ğŸ‘

â¡ï¸ https://t.co/tjiHZMSGPg

ğŸ—£ï¸ Intervienen @sergiocm , #CristinaVillasante (@ECIJA ) y #PedroMÃ©ndez (@Cuatrecasas )

âš™ï¸Colaboran @TheBridge_Tech  y @derechopractico https://t.co/pleG9fMkvS",derechopractico
197,2021-11-16 09:19:48+00:00,1460538080851644417,"@TheBridge_Tech Gracias como siempre a @derechopractico por apoyarnos en todos  los eventos, y a nuestros ponentes @crisvillasante @pmendezdevigo y @sergiocm. Mesa moderada por nuestro Legal Hacker: David Ruiz Â¡Â¡Os esperamos!!",LegalHackersMAD
198,2021-11-16 09:16:18+00:00,1460537201326968837,"Â¡Â¡PrÃ³ximo evento a la vista el 30 de noviembre!! Volviendo a la normalidad y a nuestros queridos eventos presenciales... ApÃºntate aquÃ­: https://t.co/nA17YjUHyt #NFTs #legalhackers #legalhack Formato hÃ­brido: podrÃ¡s acompaÃ±arnos en @TheBridge_Tech (PÂº de Recoletos, 15) o online!",LegalHackersMAD
199,2021-11-11 15:56:53+00:00,1458826070162124805,"QuÃ© es el ramp-upâ“2ï¸âƒ£ semanas en las que se imparte una base de la materia, se instalan programas y herramientas que vas a aprender a manejar en el #bootcamp ğŸšµâ€â™‚ï¸ Un calentamiento previo para ir asimilando conceptos para que todo sea mÃ¡s fÃ¡cil ğŸ‘
#rampup https://t.co/Vemvv94DXq",TheBridge_Tech
200,2021-11-10 19:24:19+00:00,1458515883161227270,"Martes 16 de noviembre: ""Interpretable AI"". Las razones ocultas en la toma de decisiones algorÃ­tmica"" https://t.co/rTP2GgQVWY #ResponsibleAI #ExplainableAI #Interpretability con @josepcurto en @TheBridge_Tech",nodosenlared
201,2021-11-10 09:45:21+00:00,1458370181412052994,Os compartimos los talleres de @TheBridge_tech sobre #ciberseguridad #fullstack #datascience #uxui Â¡Son gratuitos y la mayorÃ­a ONLINE! ğŸ’» Hay algunos muy interesantes ğŸ˜ PodÃ©is apuntaros aquÃ­ ğŸ‘‰ https://t.co/Rhn9juwKaw https://t.co/hx9nhb1bL2,AcmUpv
202,2021-11-10 08:45:46+00:00,1458355189593870343,Ayer se hizo un #TestdeTuring en tv para saber si hablamos con un ordenador o un humano. El Natural Language Processing es una de las Ã¡reas de #IA. Permite programar a los ordenadores para que sean capaces de mantener una conversaciÃ³n. MÃ¡s #datascienceğŸ‘‰https://t.co/B4kDah7o1y https://t.co/xTwqvUEPeK,TheBridge_Tech
203,2021-11-08 10:48:11+00:00,1457661218525696004,QuiÃ©n mejor puede describir la experiencia en la escuela son nuestros alumnos ğŸ˜Â¡Gracias por darle sentido a @TheBridge_Tech! MÃ¡s #reviews ğŸ‘‰ https://t.co/2uEpQiGPqn https://t.co/RJvMGnfCJA,TheBridge_Tech
204,2021-11-08 08:40:06+00:00,1457628986436161539,â–¶ï¸Â¿QuÃ© son los programas de talento digital? Â¿Por quÃ© una buena especializaciÃ³n puede ser la clave para acelerar tu carrera digital? Las respuestas en este vÃ­deo de nuestra charla con los alumnos de @itep_es  ğŸ‘‡https://t.co/5gbirklO9C,TheBridge_Tech
205,2021-11-06 22:54:33+00:00,1457119238284533760,"@javiderios @InesSainzOf @_JorgeSLL_ @ChemaCorbacho @CHANCE_es @TheBridge_Tech Leyendo su timeline, yo dirÃ­a que es una clara persona anti ciencia.",seovalencia
206,2021-11-06 11:01:40+00:00,1456939835793592321,"Experto en Digital Marketing Operations, una profesiÃ³n de futuro donde el empleo crece mÃ¡s del 60% ğŸ“ˆ

#RRHH #noticias #empleo #digitalizaciÃ³n @TheBridge_Tech https://t.co/s6nvWZuVoI",RRHHDigital
207,2021-11-05 23:25:22+00:00,1456764606198677511,"@TheBridge_Tech Orgullosa de ser de las 1as ediciones, pero cada semestre veo mÃ¡s alumnos... vais a tener que empezar a pensar en Barcelona, o campus... Â¡enhorabuena!",puigventos
208,2021-11-05 12:30:00+00:00,1456599680536690698,"â–¶ï¸Tal y como os prometimos, os dejamos el enlace con la interesante Jornada TecnolÃ³gicaâ€¼ï¸ que nos ayudÃ³ a desarrollar @TheBridge_Tech enmarcada en las charlas de especializaciÃ³n y asesoramiento que lleva a cabo el #MILEğŸ“ˆ de #ITEPğŸ”µ. AsÃ­ fue â¬‡ï¸ https://t.co/lKV47Aikir",itep_es
209,2021-11-05 09:56:07+00:00,1456560951889641479,Un placer participar en #cendigital @CEN_Navarra @ikerarceseco acompaÃ±ando a las empresas navarras hacia la transformaciÃ³n digital y haciendo hincapiÃ© en cÃ³mo la #digitalizaciÃ³n y la #tecnologÃ­a nos hace mÃ¡s competitivos y es una necesidad del presente y del futuro ğŸ”› https://t.co/UzgxwNpg1s,TheBridge_Tech
210,2021-11-04 15:56:42+00:00,1456289309485633536,"@MiriamMarton @CEN_Navarra @empleo_na @teamlabs @TheBridge_Tech El placer ha sido nuestro, Miriam. Muchas gracias por todo!",felixlozano
211,2021-11-04 13:53:54+00:00,1456258403752243202,@CEN_Navarra @empleo_na @teamlabs @TheBridge_Tech Un placer moderar una mesa con dos cracks expertos en crear talento. Gracias Iker y FÃ©lix por vuestra mirada amplia.,MiriamMarton
212,2021-11-04 11:44:35+00:00,1456225861972156421,"ğ—¡ğ—®ğ˜ƒğ—®ğ—¿ğ—¿ğ—®, ğ˜ğ—¶ğ—²ğ—¿ğ—¿ğ—® ğ—±ğ—² ğ˜ğ—®ğ—¹ğ—²ğ—»ğ˜ğ—¼, en un mundo exponencial con organismos humanistas. 

@CEN_Navarra @teamlabs @TheBridge_Tech https://t.co/FcAl0xR9zp",UiS_Navarra
213,2021-11-04 11:38:51+00:00,1456224417013510144,#cendigital. Esta cuarta mesa de â€œAdaptaciÃ³n al cambio: necesidad y oportunidadâ€ con #Miriam MartÃ³n @empleo_na #Felix Lozano @teamlabs e #IkerArce @TheBridge_Tech https://t.co/bYzUbtnd0h,CEN_Navarra
214,2021-11-04 10:32:00+00:00,1456207594847014918,"ğŸ”¥Dentro de las acciones relacionadas con los programas de especializaciÃ³n del #MILEğŸ”µ para el alumnado de #ASIRğŸ’» y #DAMğŸ“², con el objetivo de facilitarles el trÃ¡nsito del aula al mercado laboral, ayer tuvo lugar una charla con los amigos de @TheBridge_Tech. AsÃ­ fue: https://t.co/0vdPYdPVn7",itep_es
215,2021-11-03 15:42:32+00:00,1455923357464018948,Hoy hemos estado en @itep_es hablando de la especializaciÃ³n en #Data #Ciber y #FullStack. El 30% de nuestros alumnos viene de Ciclos Formativos de Grado Superior y esta combinaciÃ³n con los #Bootcamps de The Bridge funciona muy bien a la hora de la empleabilidad Â¡Un placer!â˜º #fp https://t.co/w9lc4EmliQ,TheBridge_Tech
216,2021-11-03 09:15:46+00:00,1455826022289612804,"ğŸ¦‘Te haces fan de una serie. Te descargas una ""inofensiva"" app en tu mÃ³vil. Y has dejado entrar al malware ""Joker"". AsÃ­ actÃºan los ciberdelincuentesğŸ‘¾
#ciberseguridad #squidgame #malware #hacking https://t.co/dFjfhv2K0l",TheBridge_Tech
217,2021-11-02 09:45:11+00:00,1455471037110525955,Â¡Ya tenemos ganador! @PorrasAlcon Enhorabuena ğŸ‘ğŸ‘ has ganado una tarjeta regalo de Amazon por un valor de 20â‚¬. DisfrÃºtala y muchas gracias por participar ğŸ˜Š con un disfraz tan ğŸ”,TheBridge_Tech
218,2021-10-29 10:47:45+00:00,1454037230318723077,"ğŸ‘‰ğŸ¼Os recomendamos que apuntÃ©is esta cita: 3 de noviembre, 10.30 horasâ€¼ï¸. En ese momento tendrÃ¡ lugar una iniciativa #MILEğŸ¤© en la que tendremos una jornada tecnolÃ³gica asistida por profesionales de @TheBridge_Tech a travÃ©s del canal de #ITEPğŸ”µ en Youtube https://t.co/MYwTk1fLvy https://t.co/9exgYZFxI2",itep_es
219,2021-10-29 10:39:00+00:00,1454035030884368385,"#desafiotripulaciones  @TheBridge_Tech. All programs create transversal teams, are required to overcome challenges and solve different problems to ultimately create an MVP. #students #talent #digital #bootcamp #innovation https://t.co/f8vKwGrYKs",DavidHueso
220,2021-10-29 08:01:29+00:00,1453995389040930819,"Es viernes y ademÃ¡s, es dÃ­a de #DesafÃ­oDeTripulaciones ğŸš€! Los alumnos de todos los bootcamps presentan ante el jurado las #aplicacionesweb que han creado en equipo Â¡Te va a sorprender! SÃ­guelo ğŸ”´EN DIRECTO https://t.co/GR8MoAD2Gr

#ciber #datascience #digitalmkt #uxui #fullstack https://t.co/XU2iuqQ8rD",TheBridge_Tech
221,2021-10-28 18:44:33+00:00,1453794834200862724,@TheBridge_Tech #Halloween21TheBridge https://t.co/6mJQeWx9EL,PorrasAlcon
222,2021-10-27 08:23:00+00:00,1453276027711492096,"ğŸ‘» Concurso #Halloween para todo el mundo, seas ya bridger o no, puedes ganar una tarjeta regalo de #Amazon ğŸƒ FÃ¡cil:

âœ…SÃ­guenos en Twitter
âœ…Dale a Me gusta a la publicaciÃ³n
âœ…Haz RT 
âœ…Sube una foto con el hashtag #Halloween21TheBridge 

Â¡El lunes elegimos ganador! https://t.co/fOErbHnGkh",TheBridge_Tech
223,2021-10-26 19:45:06+00:00,1453085297873494026,"@InesSainzOf @_JorgeSLL_ @ChemaCorbacho @CHANCE_es @TheBridge_Tech Con respeto, pero sÃ­ es pretencioso, decir que un curso de 18 semanas te convierte en cientÃ­fico, porque el curso sea de Data Science. Creo que todos consideramos cientÃ­fico a alguien con una licenciatura de una carrera de ciencias y experiencia en investigaciÃ³n.",javiderios
224,2021-10-25 15:41:57+00:00,1452661718233067527,"Os presentamos los talleres de OtoÃ±oğŸen @TheBridge_Tech Son gratuitos y la mayorÃ­a se pueden seguir online.

ğŸ‘¨â€ğŸ’»Aprende sin miedo nuevas disciplinas y herramientas digitales.

InscrÃ­beteğŸ‘‰ https://t.co/33sWyP85sA https://t.co/gBdEftI21M",TheBridge_Tech
225,2021-10-25 08:11:44+00:00,1452548416698044419,"Hoy acaba el plazo para apuntarse a la nueva ediciÃ³n de la iniciativa ""Yo_hablo cÃ³d;gÃ¸/&gt;"" con la colaboraciÃ³n de @Glovo_ES y @codeorg Â¡No te quedes sin tu plaza!ğŸ‘‰https://t.co/6KgejGfVyG https://t.co/THpsw9miCd",TheBridge_Tech
226,2021-10-24 17:37:52+00:00,1452328500371804160,@ChemaCorbacho @InesSainzOf @CHANCE_es @TheBridge_Tech Pues la perra gorda para ti :),_JorgeSLL_
227,2021-10-24 17:32:46+00:00,1452327219662045186,"@_JorgeSLL_ @InesSainzOf @CHANCE_es @TheBridge_Tech No es para mÃ­ o para ti, es la pura realidad. Si una empresa necesita alguien q sepa hacer algo, le suda dÃ³nde o cÃ³mo lo haya aprendido siempre q sepa hacerlo",ChemaCorbacho
228,2021-10-24 13:26:58+00:00,1452265361567584256,"@ChemaCorbacho @_JorgeSLL_ @CHANCE_es @TheBridge_Tech Â¿Pero Chema, todavÃ­a sigues? DÃ©jale, que todos en el fondo sabemos lo que le pasa. Hasta Ã©lâ€¦
No merece la pena ni perder un nano segundo de tu vida",InesSainzOf
229,2021-10-24 10:59:12+00:00,1452228175774224392,"@ChemaCorbacho @InesSainzOf @CHANCE_es @TheBridge_Tech No es pillar o no pillar el ejemplo, simplemente que en mi opinion para calificar a alguien de determinada profesiÃ³n se requiere de formaciÃ³n reglada y para ti con tener conocimientos equivalentes ya basta.",_JorgeSLL_
230,2021-10-24 10:51:27+00:00,1452226225536180231,"@_JorgeSLL_ @InesSainzOf @CHANCE_es @TheBridge_Tech No sabes pillar los ejemplos. Raro para ser ingeniero... Evidentemente eso no puede ocurrir ni para un piloto ni para un mÃ©dico ni para un notario... Pero sÃ­ para un ingeniero en una oficina tÃ©cnica o un taller de producciÃ³n, donde trabajan decenas de ingenieros y sÃ³lo 1 firma",ChemaCorbacho
231,2021-10-24 09:55:02+00:00,1452212025258565634,@ChemaCorbacho @InesSainzOf @CHANCE_es @TheBridge_Tech SabrÃ¡ pilotar y lo harÃ¡ igual que un piloto pero sin el tÃ­tulo oficial no se puede ser piloto.,_JorgeSLL_
232,2021-10-24 03:21:07+00:00,1452112892623470595,"@_JorgeSLL_ @InesSainzOf @CHANCE_es @TheBridge_Tech Pues sÃ­, asÃ­ es. Es como si el hijo de un piloto su padre le enseÃ±a a pilotar desde pequeÃ±o en su aviÃ³n privado pero no tiene la licencia oficial. Lo mismito, por fin me entiendes",ChemaCorbacho
233,2021-10-24 01:28:44+00:00,1452084610884587520,@ChemaCorbacho @InesSainzOf @CHANCE_es @TheBridge_Tech Eso es como decir que uno ha visto autÃ©nticos mÃ©dicos que saben de todo y lo han aprendido hsn aprendido 6am el hospital sin pasar por la facultad.,_JorgeSLL_
234,2021-10-23 19:33:30+00:00,1451995214483230724,"@_JorgeSLL_ @InesSainzOf @CHANCE_es @TheBridge_Tech He visto ingenieros de verdad en UK q saben de todo: de materiales, de equipos, de ensamblajes, de tolerancias, de fatiga y tolerancia al daÃ±o....y q no tienen una titulaciÃ³n universitaria. Han aprendido dentro de la empresa desde jovencitos",ChemaCorbacho
235,2021-10-23 18:15:02+00:00,1451975466156429313,"La digitalizaciÃ³n educativa, emprendida a marchas forzadas durante la pandemia, ha reflejado una vez mÃ¡s las necesidades que nos quedan por atender en un mundo que parece girar cada vez mÃ¡s rÃ¡pido. âœï¸@ikerarceseco CEO de @TheBridge_Tech. #educaciÃ³n
https://t.co/ydHIVDVeMc",Ethic_
236,2021-10-23 15:44:40+00:00,1451937626764857352,@ChemaCorbacho @InesSainzOf @CHANCE_es @TheBridge_Tech HarÃ¡n el mismo trabajo que usted y seguramente merecen el mismo sueldo que usted pero desde luego que no por ello los convierte en ingenieros.,_JorgeSLL_
237,2021-10-23 13:58:33+00:00,1451910922885341187,@ChemaCorbacho @_JorgeSLL_ @CHANCE_es @TheBridge_Tech AsÃ­ es Chema. Pero a algunos la titulitis oficial no les deja ver mÃ¡s allÃ¡. Por cierto programo perfectamente con Python. Solo que no vivo de ello. EstudiÃ© para ampliar mis conocimientos y sigo trabajando en la agencia de comunicaciÃ³n que fundÃ© hace 12 aÃ±os ğŸ¤·ğŸ»â€â™€ï¸,InesSainzOf
238,2021-10-23 13:51:33+00:00,1451909158471708673,"@_JorgeSLL_ @InesSainzOf @CHANCE_es @TheBridge_Tech Y q? Tengo compaÃ±eros de departamento q sÃ³lo hicieron FP de fabricaciÃ³n mecÃ¡nica. Entraron en la empresa y aprendieron y hacen el mismo trabajo q yo. Son tan ingenieros como yo. Le llamo a su FP ""cursillo""?",ChemaCorbacho
239,2021-10-23 12:16:00+00:00,1451885113114038272,"@_JorgeSLL_ @ChemaCorbacho @InesSainzOf @CHANCE_es @TheBridge_Tech Totalmente de acuerdo, pero ella no se llama a sÃ­ misma CientÃ­fica de datos. Es el tÃ­tulo en sÃ­ mismo el que estarÃ¡ sobrevalorado.",kenia913
240,2021-10-23 11:26:27+00:00,1451872642546421765,@kenia913 @ChemaCorbacho @InesSainzOf @CHANCE_es @TheBridge_Tech Chiringuitos que ofertan tÃ­tulos para los que sÃ³lo se requiere pagar los hay a patadas.,_JorgeSLL_
241,2021-10-23 09:28:26+00:00,1451842942394642434,@_JorgeSLL_ @ChemaCorbacho @CHANCE_es @TheBridge_Tech Â¿QuÃ© significa pretebsioso?,InesSainzOf
242,2021-10-23 09:26:56+00:00,1451842564907278336,@ChemaCorbacho @CHANCE_es @TheBridge_Tech No. Yo vengo de un mundo creativo,InesSainzOf
243,2021-10-23 08:42:23+00:00,1451831355998937088,@ChemaCorbacho @InesSainzOf @CHANCE_es @TheBridge_Tech Ours mira yo tambiÃ©n soy ingeniero y esas integrales que de por si no tienen mucha aplicaciÃ³n practica sirven para estructurar la capacidad de pensamiento. Lo de esta seÃ±ora es un cursillo. Es lo que hay.,_JorgeSLL_
244,2021-10-23 08:21:26+00:00,1451826081275781120,@_JorgeSLL_ @ChemaCorbacho @InesSainzOf @CHANCE_es @TheBridge_Tech No se califica. Es asÃ­ el tÃ­tulo que ha obtenido. Te guste o no.,kenia913
245,2021-10-23 07:35:08+00:00,1451814432347238404,"ğŸ‰ğŸ‰ El jueves pasado celebramos un evento de reactivaciÃ³n en #Madrid y la verdad es que lo pasamos muy bien, Â¡esperamos tener mÃ¡s dentro de poco! Nuestro agradecimiento a @TheBridge_Tech por cedernos el espacio. #bigdata #DstaForGoodMad  @sara_sgm, @akakicrea https://t.co/iY2pZAI7r8",DataforMad
246,2021-10-23 07:20:58+00:00,1451810867167760384,"@_JorgeSLL_ @InesSainzOf @CHANCE_es @TheBridge_Tech Soy ingeniero. Y al dÃ­a siguiente de salir de la carrera no tenÃ­a ni puta idea de nada de la vida real de una empresa de ingenierÃ­a. SabÃ­a hacer integrales triples de volumen y mucha teorÃ­a, pero no me podÃ­a considerar un ingeniero.",ChemaCorbacho
247,2021-10-23 07:02:59+00:00,1451806341488590848,@ChemaCorbacho @InesSainzOf @CHANCE_es @TheBridge_Tech Decir que un bootcamp es algo remotamente parecido a una carrera es como comparar un cursillo de primeros auxilios con una titulaciÃ³n de medicina.,_JorgeSLL_
248,2021-10-23 05:40:07+00:00,1451785487652466694,"@_JorgeSLL_ @InesSainzOf @CHANCE_es @TheBridge_Tech Bueno, ella lo q escribiÃ³ fue q consiguiÃ³ terminar un bootcamp de data science. Es como si terminas una carrera d lo q sea. Al dÃ­a siguiente d terminarla no te puedes considerar un profesional en ese Ã¡mbito",ChemaCorbacho
249,2021-10-22 07:30:47+00:00,1451450950024114195,Un placer haber tenido a @DataforMad en @TheBridge_Tech para hablar sobre cÃ³mo desde la ciencia de datos y la #IA se puede conseguir tener un impacto social y medioambiental real. Mejorar el mundo a travÃ©s de la tecnologÃ­a #DataForGoodMad #Data #ONG https://t.co/qLf9X2INHw,TheBridge_Tech
250,2021-10-21 18:04:14+00:00,1451247975678849024,Primer evento hÃ­brido de @DataforMad en @TheBridge_Tech + online contando lo que se viene! #DataForGoodMad #Data #ONG https://t.co/aptbTvKS3F,sara_sgm
251,2021-10-21 05:56:08+00:00,1451064741229731849,@nodosenlared @TheBridge_Tech LÃ¡stima. Gracias por la respuesta.,beajmnz
252,2021-10-20 20:39:23+00:00,1450924629657280517,"@beajmnz @TheBridge_Tech No, lo siento, no estamos grabando las conferencias.  Ya me conoces y sabes lo poco que me gusta que me grabenğŸ˜…",nodosenlared
253,2021-10-20 19:37:17+00:00,1450909003383463936,"@nodosenlared @TheBridge_Tech Mario, disculpa, Â¿hay grabaciÃ³n de la de ayer? Me apuntÃ© pero finalmente no me pude conectar.",beajmnz
254,2021-10-20 19:27:00+00:00,1450906412931026948,"Continuamos con el ciclo de Conferencias sobre #ResponsibleAI en @TheBridge_Tech | ""Interpretable AI: Las razones ocultas en la toma de decisiones algorÃ­tmica"" https://t.co/rTP2GgQVWY con @josepcurto https://t.co/LB6ZQ9QSLL",nodosenlared
255,2021-10-20 07:45:26+00:00,1450729861564223492,Encantados de acoger eventos como este donde emprendedores y alumnos comparten experiencias y debaten sobre la realidad tecnolÃ³gica y empresarial en nuestro paÃ­s ğŸ™ Gracias @Payflow_es @kilimanjaria y @clic_koala por acompaÃ±arnos! https://t.co/OjVBYJP474,TheBridge_Tech
256,2021-10-19 14:45:18+00:00,1450473135619416070,"Ayer estuvimos en el bootcamp de @TheBridge_Tech, hablando con @kilimanjaria y @clic_koala sobre la experiencia de usuarios en nuestras Startups. 

Â¡Nos encantan estos espacios de debate y aprendizaje!ğŸ¤©

#Payflow #Bootcamp #TheBridge https://t.co/e7fwY4q2z4",Payflow_es
257,2021-10-19 11:15:02+00:00,1450420219491627010,"La digitalizaciÃ³n educativa, emprendida a marchas forzadas durante la pandemia, ha reflejado una vez mÃ¡s las necesidades que nos quedan por atender en un mundo que parece girar cada vez mÃ¡s rÃ¡pido. âœï¸@ikerarceseco CEO de @TheBridge_Tech. #educaciÃ³n
https://t.co/ydHIVDVeMc",Ethic_
258,2021-10-19 07:10:49+00:00,1450358761634291719,"Os recordamos que este jueves a las 19:30h tenemos un evento de DFGMad al que puedes asistir de forma presencial en @TheBridge_Tech  o ver online, Â¡apÃºntate!
ğŸ” Inscripciones: https://t.co/3lV2setBNO
#bigdata #socialimpact",DataforMad
259,2021-10-16 19:11:01+00:00,1449452839063990275,"#DataCulture ğŸ­ | Ethics in data science? @TheBridge_Tech will conduct a talk on the importance of improving AI systems.

It will also explain how to measure and mitigate the existence of biases to ensure proper decision-making.

https://t.co/PaNNy2pb4H",datasketch
260,2021-10-16 09:00:16+00:00,1449299140261957633,"La digitalizaciÃ³n educativa, emprendida a marchas forzadas durante la pandemia, ha reflejado una vez mÃ¡s las necesidades que nos quedan por atender en un mundo que parece girar cada vez mÃ¡s rÃ¡pido. âœï¸@ikerarceseco CEO de @TheBridge_Tech. #educaciÃ³n
https://t.co/YZwPKCn53n",Ethic_
261,2021-10-15 11:22:00+00:00,1448972420249833476,Aviso a todas las comunidades Tech de Valencia! #Bootcamps ğŸ”›  @VLCTechHub @VlcJS @VLCTechFest @AcmUpv @Startup_VLC @avalBit @VLCStartups @DataUpv @geoinquietosvlc @GnuLinuxVlc @valenciadevops @databeersvlc @VlcSwCraft @HackVlc @VLCTechCity @AgileLevante @HackNightVLC @python_vlc https://t.co/AV56TH4fZ2,TheBridge_Tech
262,2021-10-15 10:00:16+00:00,1448951852528246788,"La digitalizaciÃ³n educativa, emprendida a marchas forzadas durante la pandemia, ha reflejado una vez mÃ¡s las necesidades que nos quedan por atender en un mundo que parece girar cada vez mÃ¡s rÃ¡pido. âœï¸@ikerarceseco CEO de @TheBridge_Tech. #educaciÃ³n
https://t.co/YZwPKCn53n",Ethic_
263,2021-10-15 06:57:49+00:00,1448905936362430464,"ğŸ‰DFG Madrid is back! Lanzamos evento el 21 Octubre, para contaros en quÃ© hemos estado metidos, nuevos proyectos, charlar con los voluntarios y quien quiera apuntarse. SerÃ¡ en @TheBridge_Tech en presencial, pero tambiÃ©n es onlineğŸ”Inscripciones: https://t.co/3lV2setBNO #bigdata https://t.co/SknFoCs1fs",DataforMad
264,2021-10-14 16:18:38+00:00,1448684685068996610,"Lanzamos en @TheBridge_Tech en colaboraciÃ³n con @Glovo_ES y @codeorg la iniciativa ""Yo hablo CÃ³digo"" para iniciar a los mÃ¡s pequeÃ±os en el mundo de la programaciÃ³n https://t.co/UUYdqXrOv1 https://t.co/ozCeQx3t3k",diegodl
265,2021-10-14 08:11:43+00:00,1448562145969549312,"APRENDE A PROGRAMAR, CAMBIA TU FUTURO!
Ya estÃ¡ aquÃ­ una nueva ediciÃ³n de #YoHabloCÃ³digo para aprender a programar y desarrollar el pensamiento computacional  de nuestros hijos. Solicita plaza en https://t.co/IebBfDIqk0
@Glovo_ES @TheBridge_Tech https://t.co/iVR8W7Td31",GeneracionCode
266,2021-10-11 09:49:52+00:00,1447499682284965891,"Â¿Quieres acceder a las profesiones del presente/futuro?

Conoce quÃ© perfiles se demandan en empresas como @Smartvisualdata y la experiencia de alumnis que estÃ¡n trabajando en ciber/data/full stack.

ğŸ“…18 oct 19h Palacio de Colomina/Online 

Â¡EntradasğŸ‘‡! 

https://t.co/QBhkDiDDWF",TheBridge_Tech
267,2021-10-07 14:53:13+00:00,1446126472779886599,"Â¡De excursiÃ³n ğŸ’! Nuestros alumnos de #DigitalMarketingOps han acudido hoy a @south_summit para conocer de cerca a emprendedores y #startups innovadoras. Un poco de ""networking"" en #SouthSummit21 para aprender de la realidad del mercado ğŸš€ https://t.co/vjbzsWNLiA",TheBridge_Tech
268,2021-10-06 16:54:44+00:00,1445794667237412864,Tarde de #VR gracias a la visita de @martinbrainon presentando su proyecto #Atemin Â¡Una nueva forma de entrenar la toma de decisiones y mejorarlas a travÃ©s de la gamificaciÃ³n y la realidad virtual! https://t.co/K7ZiS034Sa,TheBridge_Tech
269,2021-10-05 12:15:07+00:00,1445361908316520449,"Valencia es la 3âƒ£ ciudad con mÃ¡s vacantes digitales enğŸ‡ªğŸ‡¸. Por eso hemos firmado un acuerdo de Becas + FormaciÃ³n + Recruiterâ€™s corner con @Smartvisualdata, consultora experta en gestiÃ³n de datos, para #datascience, #ciberseguridad y #desarrollowebfullstackğŸ‘‰https://t.co/Bh5LjYYr2M https://t.co/90OpaYVA9B",TheBridge_Tech
270,2021-10-05 11:55:54+00:00,1445357072242118658,"Colaboramos con @TheBridge_Tech ofreciendo becas a los estudiantes de los bootcamps de Data Science, Ciberseguridad y Desarrollo Full Stack.

Nuestro CDO Mario CatalÃ¡n participa maÃ±ana en el #OpenDay apÃºntate ya en: https://t.co/2eJMdecoYo

@uchceu #data #datascientist #talento https://t.co/JZfmxZlDKo",insidezeusdata
271,2021-10-05 07:28:09+00:00,1445289692489043972,"#DiaMundialDeLosDocentes EnseÃ±ar nunca es fÃ¡cil, y menos, en el campo de la tecnologÃ­a y el mundo digital. Nuestros profes estÃ¡n en constante actualizaciÃ³n, introduciendo nuevas herramientas en las clases y descubriendo junto a los alumnos nuevos trucos ğŸ¯ https://t.co/CXaFfXsWLv",TheBridge_Tech
272,2021-10-03 01:23:57+00:00,1444473263615266816,@ChemaCorbacho @CHANCE_es @TheBridge_Tech Nope,InesSainzOf
273,2021-10-03 01:08:30+00:00,1444469375776575489,@InesSainzOf @CHANCE_es SabÃ­as programar y tenÃ­as conocimientos de estadÃ­stica antes de hacer el curso de @TheBridge_Tech ?,ChemaCorbacho
274,2021-09-29 11:35:00+00:00,1443177486041423872,"Â¿Gamer?ğŸ®Â¿Fan de Overwatch? ApÃºntate a la STEAM+ eSports Competition de @UniversiaES Una oportunidad para, ademÃ¡s de ganar premios, tener acceso a las empresas mÃ¡s ğŸ” del mercado Â¡Deja que tu futuro empleo te encuentre y demuestra lo que vales! ğŸ‘‰ https://t.co/GoDS5HCKwH https://t.co/Vo5FlCl0mV",TheBridge_Tech
275,2021-09-27 16:38:21+00:00,1442529052536020995,"#Journal segunda semana en el bootcamp de Ciberseguridad en @TheBridge_Tech  https://t.co/wvZjkEZWKF Ritmo rÃ¡pido, pulsaciones fuertes...",amandaguglieri
276,2021-09-23 15:36:07+00:00,1441063837994680322,En el Taller de @lorealspain sobre #marketingdigital y #ecommerce en @TheBridge_Tech ğŸ™Œ SÃºper interesante charla hablando de #seo #sem #keywords y estrategias de marketing. https://t.co/uOigEAzFRz,TheBridge_Tech
277,2021-09-17 15:22:00+00:00,1438885960251551744,El afterwork de @TheBridge_Tech https://t.co/l2fFYGVx48,diegodl
278,2021-09-17 09:37:36+00:00,1438799287283027969,"""Fairness"". CÃ³mo la Inteligencia Artificial Crea y Mantiene desigualdades. https://t.co/SLQhB0O6bl #Meetup #Madrid at @TheBridge_Tech",nodosenlared
279,2021-09-17 08:11:19+00:00,1438777574340059137,Ayer se celebro la primera charla del ciclo sobre Inteligencia Artificial Responsable que han organizado @nodosenlared y @josepcurto .Se celebrarÃ¡n en @TheBridge_Tech Mira las siguientes charlas aquÃ­ https://t.co/DEVrjRzOnw https://t.co/yLmK1DwNPF,diegodl
280,2021-09-14 10:00:55+00:00,1437717991886659586,"Â¿Quieres ser #Recruiter IT? Â¿Te gustarÃ­a conocer como reclutar el mejor #Talento?

Desde #SocialYou os traemos las #claves para ser un buen Recruiter @TheBridge_Tech

https://t.co/Ws1b6Qvu69

#Recruitment #RRHH #GoYou https://t.co/aFpmv6DzRX",SocialYOUpro
281,2021-09-13 15:32:00+00:00,1437438923224100866,Â¡Feliz #DiaDelProgramador ! ğŸ°ğŸ‰ A todos los #FullStack que se han formado con @TheBridge_Tech y a la nueva promociÃ³n que se estrena esta semana en el mundo del #webdeveloper Â¡Ãnimo con el #Bootcamp chic@s! https://t.co/a0VuVVAfBL,TheBridge_Tech
282,2021-09-11 23:00:32+00:00,1436827025860440072,"From the #Newsletter ğŸ“© | @TheBridge_Tech is a digital talent startup, focus on cybersecurity, data science, web development, digital marketing, and product design. On September 16, it will offer a webinar explaining what Design Thinking is all about ğŸ‘‡

https://t.co/iKtY4hImnH",datasketch
283,2021-09-01 13:43:55+00:00,1433063068238589957,"@firoba Muchas gracias @firoba por tu visita a 
@TheBridge_Tech y tu interÃ©s por conocer propuestas educativas como la nuestra. 

@educacmadrid @ComunidadMadrid",TheBridge_Tech
284,2021-09-01 10:47:10+00:00,1433018589817327617,"Ciclo de Conferencias sobre #ResponsibleAI en @TheBridge_Tech bajo la direcciÃ³n de @josepcurto 
16 de septiembre: ""El Emperador Desnudo. Una IntroducciÃ³n a la IA Responsable"". MÃ¡s informaciÃ³n: 
https://t.co/kO5PeBqzl2",nodosenlared
285,2021-09-01 01:50:47+00:00,1432883604720275461,"Este otoÃ±o iniciamos un ciclo de conferencias sobre #ResponsibleAI en colaboraciÃ³n con @nodosenlared 
en el que hablaremos de #AIEthics #Fairness #XAI #Interpretability #Privacy #Drift en @TheBridge_Tech @athenacoreai https://t.co/X4oQ97SfiH",josepcurto
286,2021-08-31 21:36:16+00:00,1432819553805950979,@firoba @TheBridge_Tech Â¡Gracias por dedicarnos este tiempo! En @TheBridge_Tech Esperamos seguir aportando al Ecosistema Regional de Aprendizaje de Madrid con el desarrollo de competencias tÃ©cnicas digitales en #CyberSecurity #DataScience #FullStack #uxdesign #MarketingDigital,nodosenlared
287,2021-08-26 18:00:05+00:00,1430953207673536513,"Â¡El lunes volvemos al campus! ğŸš€

Tenemos muchas ganas de veros. ğŸ˜

#adiosvacaciones #thebridgeschool #digitaltalent #bootcamps #volvemosalcampus https://t.co/M55MZ3lDai",TheBridge_Tech
288,2021-08-24 09:00:00+00:00,1430092518692171790,"Y estos son nuestros badges de Digital Marketing OPS.

SegÃºn nuestros alumnos van adquiriendo los conocimientos, se les van asignando los badges correspondientes. Â¡Y los pueden agregar a su Linkedin personal! ğŸ¤©

#digitalmarketing #bootcamp #thebridgeschool #badge #digitaltalent https://t.co/pI4FDIHCDB",TheBridge_Tech
289,2021-08-23 09:00:00+00:00,1429730129945714691,"Google Analytics, te contamos quÃ© es. ğŸ˜

#googleanalytics #marketing #digitalmarketing #bootcamps #thebridgeschool #digitaltalent https://t.co/RrmeQM4HrC",TheBridge_Tech
290,2021-08-22 18:10:41+00:00,1429506326141489156,@TheBridge_Tech Abra otro este aÃ±o? es un tema muy interesante,rock_null
291,2021-08-22 17:54:31+00:00,1429502256710356997,@TheBridge_Tech que genial se ven!! ya quiero tenerlos cuando comience a estudiar con ustedes!!! ğŸ’»,rock_null
292,2021-08-22 09:00:00+00:00,1429367739039338496,"Y aquÃ­ los badges de Desarrollo Web Full Stack.

SegÃºn nuestros alumnos van adquiriendo los conocimientos, se les van asignando los badges correspondientes. Â¡Y los pueden agregar a su Linkedin personal! ğŸ¤©

#webdeveloper #fullstack #bootcamp #thebridgeschool #badge #digitaltalent https://t.co/O831Lq30aV",TheBridge_Tech
293,2021-08-20 14:45:00+00:00,1428729785568661509,"Metasploit, te contamos quÃ© es. ğŸ˜

#metasploit #ciberseguridad #bootcamps #thebridgeschool #digitaltalent https://t.co/yL8wzqbZ2m",TheBridge_Tech
294,2021-08-18 07:29:50+00:00,1427895498741010433,"Y estos son nuestros badges de Ciberseguridad.

SegÃºn nuestros alumnos van adquiriendo los conocimientos, se les van asignando los badges correspondientes. Â¡Y los pueden agregar a su Linkedin personal! ğŸ¤©

#ciberseguridad #bootcamp #thebridgeschool #badge #digitaltalent https://t.co/2DJMfomgEh",TheBridge_Tech
295,2021-08-17 10:06:56+00:00,1427572645055254536,@nodosenlared @TheBridge_Tech @askkell Un placer compartir estas sesiones sobre #responsibleAI con @nodosenlared,josepcurto
296,2021-08-17 10:05:25+00:00,1427572264418041894,"Este otoÃ±o @TheBridge_Tech acoge un ciclo de conferencias sobre #ResponsibleAI bajo la direcciÃ³n de @josepcurto en el que hablaremos de #AIEthics #Fairness #XAI #Interpretability #Privacy #Drift 
Inscripciones en:
https://t.co/K8mwOYtHfq
Photo by @askkell https://t.co/lgKVVHoRjI",nodosenlared
297,2021-08-13 09:00:00+00:00,1426106250727677952,"Kubernetes, te contamos quÃ© es. ğŸ˜

#kubernetes #fullstack #webdeveloper #thebridge #bootcamps https://t.co/vqbQMLsmYR",TheBridge_Tech
298,2021-08-11 09:00:05+00:00,1425381495233990657,"Os presentamos nuestro badges de Digital Product Design.

A medida que los alumnos van adquiriendo conocimientos, se les van otorgando los badges correspondientes. Badges que pueden agregar a su linkedin personal. ğŸ¤©

#uxui #bootcamp #thebridgeschool #badge #digitaltalent https://t.co/9L2xgmjRpP",TheBridge_Tech
299,2021-08-06 09:00:00+00:00,1423569535072886787,"Â¿Sabes en quÃ© consiste el Research? ğŸ˜

#uxui #research #digitaltalent #bootcamos #digitalproduct #thebridge https://t.co/VUI1mDmvKm",TheBridge_Tech
300,2021-08-04 09:00:00+00:00,1422844760365076480,"Os presentamos nuestro badges de Data Science.

A medida que los alumnos van adquiriendo conocimientos, se les van otorgando los badges correspondientes. Badges que pueden agregar a su Linkedin personal. ğŸ¤©

#datascience #bootcamp #thebridgeschool #badge #digitaltalent https://t.co/yCUXOgnM8P",TheBridge_Tech
